Analysis,Row,Identifier 1,Identifier 2,Comment,Peak Nr,Rt,Area All,R 45N2O/44N2O,R 46N2O/44N2O,Inj Vol,Sample ID,Min Funct,d15N,d18O,R15,R17,R18
M-72948,1,Acros 1ml-B1,HS-Drift,o5,1,125.2,40.694,0.0077475,0.0021031,,,,,,,,
M-72948,1,Acros 1ml-B1,HS-Drift,o5,2,165.1,40.817,0.0077469,0.0021028,,,,,,,,
M-72948,1,Acros 1ml-B1,HS-Drift,o5,3,463.8,40.544,0.0077485,0.0021033,,,,,,,,
M-72948,1,Acros 1ml-B1,HS-Drift,o5,4,513.3,40.638,0.0077484,0.0021032,,,,,,,,
M-72948,1,Acros 1ml-B1,HS-Drift,o5,5,563,40.771,0.007748,0.0021033,,,,,,,,
M-72948,1,Acros 1ml-B1,HS-Drift,o5,6,613,40.671,0.0077475,0.0021028,,,,,,,,
M-72948,1,Acros 1ml-B1,HS-Drift,o5,7,1090.6,180.6,0.0078554,0.0021567,1,,3.65E-09,14.89794,67.14655,0.003731,0.000393,0.00214
M-72949,2,blank,blank,b6,1,125.2,40.655,0.0077478,0.0021029,,,,,,,,
M-72949,2,blank,blank,b6,2,165.1,40.782,0.0077468,0.0021027,,,,,,,,
M-72949,2,blank,blank,b6,3,463.8,40.616,0.0077491,0.0021033,,,,,,,,
M-72949,2,blank,blank,b6,4,505.6,40.534,0.0077478,0.0021029,,,,,,,,
M-72949,2,blank,blank,b6,5,563,40.7,0.0077478,0.0021029,,,,,,,,
M-72949,2,blank,blank,b6,6,612.8,40.697,0.0077475,0.0021028,,,,,,,,
M-72950,3,Acros 0-02ml,HS,q7,1,125.4,40.703,0.0077483,0.0021029,,,,,,,,
M-72950,3,Acros 0-02ml,HS,q7,2,165.1,40.668,0.0077476,0.0021026,,,,,,,,
M-72950,3,Acros 0-02ml,HS,q7,3,463.8,40.495,0.0077487,0.002103,,,,,,,,
M-72950,3,Acros 0-02ml,HS,q7,4,513.3,40.568,0.0077485,0.002103,,,,,,,,
M-72950,3,Acros 0-02ml,HS,q7,5,563.3,40.669,0.0077484,0.002103,,,,,,,,
M-72950,3,Acros 0-02ml,HS,q7,6,613,40.623,0.0077475,0.0021028,,,,,,,,
M-72950,3,Acros 0-02ml,HS,q7,7,1090.8,165.117,0.0078541,0.0021568,0.02,,7.29E-09,14.71983,67.19726,0.003731,0.000393,0.00214
M-72951,4,Acros 0-1ml,HS,f7,1,121,40.517,0.007748,0.0021027,,,,,,,,
M-72951,4,Acros 0-1ml,HS,f7,2,165.1,40.737,0.0077476,0.0021028,,,,,,,,
M-72951,4,Acros 0-1ml,HS,f7,3,463.6,40.448,0.0077482,0.0021028,,,,,,,,
M-72951,4,Acros 0-1ml,HS,f7,4,512.3,40.532,0.0077479,0.0021029,,,,,,,,
M-72951,4,Acros 0-1ml,HS,f7,5,563,40.638,0.0077477,0.0021028,,,,,,,,
M-72951,4,Acros 0-1ml,HS,f7,6,612.8,40.584,0.0077475,0.0021028,,,,,,,,
M-72951,4,Acros 0-1ml,HS,f7,7,1090.6,188.285,0.0078564,0.0021564,0.1,,9.98E-10,15.03782,66.99625,0.003732,0.000393,0.00214
M-72952,5,Acros 0-5ml,HS,k9,1,125.2,40.52,0.007747,0.0021029,,,,,,,,
M-72952,5,Acros 0-5ml,HS,k9,2,165.1,40.69,0.0077466,0.0021029,,,,,,,,
M-72952,5,Acros 0-5ml,HS,k9,3,462.1,40.462,0.0077475,0.002103,,,,,,,,
M-72952,5,Acros 0-5ml,HS,k9,4,513.3,40.549,0.0077475,0.0021029,,,,,,,,
M-72952,5,Acros 0-5ml,HS,k9,5,563,40.615,0.0077473,0.002103,,,,,,,,
M-72952,5,Acros 0-5ml,HS,k9,6,610.9,40.539,0.0077475,0.0021028,,,,,,,,
M-72952,5,Acros 0-5ml,HS,k9,7,1091.6,185.765,0.0078559,0.0021558,0.5,,7.95E-09,14.97761,66.69468,0.003732,0.000393,0.002139
M-72953,6,Acros 2ml,HS,n9,1,124.6,40.601,0.0077483,0.002103,,,,,,,,
M-72953,6,Acros 2ml,HS,n9,2,165.1,40.717,0.0077473,0.0021028,,,,,,,,
M-72953,6,Acros 2ml,HS,n9,3,463.8,40.534,0.0077478,0.002103,,,,,,,,
M-72953,6,Acros 2ml,HS,n9,4,513.3,40.574,0.0077476,0.002103,,,,,,,,
M-72953,6,Acros 2ml,HS,n9,5,563,40.563,0.0077476,0.002103,,,,,,,,
M-72953,6,Acros 2ml,HS,n9,6,612.8,40.533,0.0077475,0.0021028,,,,,,,,
M-72953,6,Acros 2ml,HS,n9,7,1088.7,177.071,0.0078561,0.0021571,2,,1.13E-08,14.98812,67.34073,0.003732,0.000393,0.00214
M-72954,7,Acros 1ml,HS-Drift,j9,1,125.4,40.515,0.0077473,0.0021026,,,,,,,,
M-72954,7,Acros 1ml,HS-Drift,j9,2,165.1,40.633,0.0077466,0.0021027,,,,,,,,
M-72954,7,Acros 1ml,HS-Drift,j9,3,460.6,40.561,0.0077486,0.002103,,,,,,,,
M-72954,7,Acros 1ml,HS-Drift,j9,4,513.3,40.375,0.0077472,0.0021027,,,,,,,,
M-72954,7,Acros 1ml,HS-Drift,j9,5,563,40.524,0.0077467,0.0021028,,,,,,,,
M-72954,7,Acros 1ml,HS-Drift,j9,6,612.8,40.451,0.0077475,0.0021028,,,,,,,,
M-72954,7,Acros 1ml,HS-Drift,j9,7,1088.9,184.947,0.007856,0.002156,1,,1.66E-11,14.98854,66.79814,0.003732,0.000393,0.002139
M-72955,8,1,R-Example1,i2,1,125.2,40.542,0.0077485,0.0021034,,,,,,,,
M-72955,8,1,R-Example1,i2,2,165.1,40.726,0.0077483,0.002103,,,,,,,,
M-72955,8,1,R-Example1,i2,3,463.6,40.776,0.007749,0.0021033,,,,,,,,
M-72955,8,1,R-Example1,i2,4,513.3,40.767,0.0077482,0.0021031,,,,,,,,
M-72955,8,1,R-Example1,i2,5,563,40.715,0.0077479,0.0021031,,,,,,,,
M-72955,8,1,R-Example1,i2,6,613,40.597,0.0077475,0.0021028,,,,,,,,
M-72955,8,1,R-Example1,i2,7,1090.4,15.625,0.007812,0.0021364,2,101419301,1.50E-08,9.255478,57.10942,0.003711,0.000391,0.00212
M-72956,9,1 rep,R-Example1,d8,1,125.4,40.707,0.0077481,0.002103,,,,,,,,
M-72956,9,1 rep,R-Example1,d8,2,164.1,40.798,0.007748,0.0021031,,,,,,,,
M-72956,9,1 rep,R-Example1,d8,3,463.6,40.506,0.0077483,0.0021031,,,,,,,,
M-72956,9,1 rep,R-Example1,d8,4,513.3,40.56,0.0077482,0.0021029,,,,,,,,
M-72956,9,1 rep,R-Example1,d8,5,563,40.646,0.0077477,0.0021028,,,,,,,,
M-72956,9,1 rep,R-Example1,d8,6,612.8,40.612,0.0077475,0.0021028,,,,,,,,
M-72956,9,1 rep,R-Example1,d8,7,1090.6,15.106,0.0078093,0.0021376,2,101419301,1.16E-07,8.873918,57.6629,0.003709,0.000391,0.002121
M-72957,10,2,R-Example1,a2,1,125.4,40.468,0.0077484,0.0021033,,,,,,,,
M-72957,10,2,R-Example1,a2,2,160.1,40.642,0.007748,0.0021031,,,,,,,,
M-72957,10,2,R-Example1,a2,3,463.8,40.505,0.0077492,0.0021034,,,,,,,,
M-72957,10,2,R-Example1,a2,4,513.3,40.496,0.0077484,0.002103,,,,,,,,
M-72957,10,2,R-Example1,a2,5,563.3,40.614,0.0077483,0.0021031,,,,,,,,
M-72957,10,2,R-Example1,a2,6,613,40.405,0.0077475,0.0021028,,,,,,,,
M-72957,10,2,R-Example1,a2,7,1091.8,9.084,0.0078652,0.0021351,2,101419301Q,1.45E-09,16.5101,56.35891,0.003737,0.000391,0.002118
M-72958,11,3,R-Example1,n5,1,125.2,40.395,0.0077485,0.0021031,,,,,,,,
M-72958,11,3,R-Example1,n5,2,165.1,40.59,0.0077482,0.0021029,,,,,,,,
M-72958,11,3,R-Example1,n5,3,463.1,40.423,0.0077492,0.0021032,,,,,,,,
M-72958,11,3,R-Example1,n5,4,513.3,40.496,0.0077483,0.0021032,,,,,,,,
M-72958,11,3,R-Example1,n5,5,563,40.579,0.0077481,0.0021031,,,,,,,,
M-72958,11,3,R-Example1,n5,6,613,40.332,0.0077475,0.0021028,,,,,,,,
M-72958,11,3,R-Example1,n5,7,1092.2,114.852,0.007854,0.0021087,0.18,101419302,1.33E-09,15.32904,43.22044,0.003733,0.000388,0.002092
M-72959,12,4,R-Example1,l4,1,118.5,40.564,0.0077487,0.0021032,,,,,,,,
M-72959,12,4,R-Example1,l4,2,161.3,40.563,0.007748,0.0021029,,,,,,,,
M-72959,12,4,R-Example1,l4,3,463.8,40.512,0.0077489,0.0021034,,,,,,,,
M-72959,12,4,R-Example1,l4,4,513.3,40.514,0.0077481,0.0021032,,,,,,,,
M-72959,12,4,R-Example1,l4,5,563,40.678,0.0077479,0.0021031,,,,,,,,
M-72959,12,4,R-Example1,l4,6,613,40.527,0.0077475,0.0021028,,,,,,,,
M-72959,12,4,R-Example1,l4,7,1090.8,119.697,0.0078058,0.0021074,0.05,101419303,2.62E-08,8.788568,42.65868,0.003709,0.000388,0.002091
M-72960,13,Strem,Check,m8,1,113.9,40.543,0.0077476,0.0021028,,,,,,,,
M-72960,13,Strem,Check,m8,2,163.4,40.809,0.0077477,0.0021029,,,,,,,,
M-72960,13,Strem,Check,m8,3,463.8,40.703,0.0077483,0.0021031,,,,,,,,
M-72960,13,Strem,Check,m8,4,513.3,40.718,0.0077477,0.0021029,,,,,,,,
M-72960,13,Strem,Check,m8,5,563,40.813,0.0077482,0.0021031,,,,,,,,
M-72960,13,Strem,Check,m8,6,613,40.609,0.0077475,0.0021028,,,,,,,,
M-72960,13,Strem,Check,m8,7,1092,51.292,0.0077201,0.0021504,2,,9.03E-09,-3.42858,64.27891,0.003664,0.000392,0.002134
M-72961,14,5,R-Example1,o1,1,125.2,40.633,0.0077483,0.0021029,,,,,,,,
M-72961,14,5,R-Example1,o1,2,165.1,40.812,0.0077473,0.0021027,,,,,,,,
M-72961,14,5,R-Example1,o1,3,463.8,40.769,0.0077484,0.0021032,,,,,,,,
M-72961,14,5,R-Example1,o1,4,513.3,40.734,0.0077477,0.002103,,,,,,,,
M-72961,14,5,R-Example1,o1,5,563,40.806,0.0077477,0.0021029,,,,,,,,
M-72961,14,5,R-Example1,o1,6,613,40.713,0.0077475,0.0021028,,,,,,,,
M-72961,14,5,R-Example1,o1,7,1090.1,135.242,0.0078315,0.0021014,0.04,1910000728,7.85E-09,12.36308,39.62398,0.003722,0.000388,0.002085
M-72962,15,6,R-Example1,l3,1,125.2,40.794,0.0077486,0.002103,,,,,,,,
M-72962,15,6,R-Example1,l3,2,165.1,40.947,0.0077481,0.0021028,,,,,,,,
M-72962,15,6,R-Example1,l3,3,461.7,40.772,0.0077487,0.0021031,,,,,,,,
M-72962,15,6,R-Example1,l3,4,513.3,40.751,0.0077479,0.002103,,,,,,,,
M-72962,15,6,R-Example1,l3,5,563,40.921,0.0077482,0.002103,,,,,,,,
M-72962,15,6,R-Example1,l3,6,612.8,40.76,0.0077475,0.0021028,,,,,,,,
M-72962,15,6,R-Example1,l3,7,1089.9,123.71,0.0077834,0.002104,0.06,101519201,6.55E-08,5.785812,40.98973,0.003698,0.000388,0.002087
M-72963,16,7,R-Example1,g5,1,124.8,40.754,0.0077482,0.0021033,,,,,,,,
M-72963,16,7,R-Example1,g5,2,161.8,40.994,0.0077484,0.0021032,,,,,,,,
M-72963,16,7,R-Example1,g5,3,463.6,40.816,0.0077486,0.0021033,,,,,,,,
M-72963,16,7,R-Example1,g5,4,513.3,40.867,0.0077482,0.002103,,,,,,,,
M-72963,16,7,R-Example1,g5,5,558.4,40.869,0.0077478,0.0021029,,,,,,,,
M-72963,16,7,R-Example1,g5,6,612.8,40.757,0.0077475,0.0021028,,,,,,,,
M-72963,16,7,R-Example1,g5,7,1089.9,122.474,0.0077843,0.0021041,0.06,101519201Q,7.67E-08,5.907102,41.03213,0.003698,0.000388,0.002087
M-72964,17,8,R-Example1,n3,1,125.2,40.712,0.0077481,0.0021032,,,,,,,,
M-72964,17,8,R-Example1,n3,2,165.1,40.949,0.0077476,0.0021029,,,,,,,,
M-72964,17,8,R-Example1,n3,3,463.8,40.761,0.0077485,0.0021033,,,,,,,,
M-72964,17,8,R-Example1,n3,4,513.3,40.781,0.0077479,0.0021032,,,,,,,,
M-72964,17,8,R-Example1,n3,5,563,40.861,0.0077476,0.0021031,,,,,,,,
M-72964,17,8,R-Example1,n3,6,612.8,40.771,0.0077475,0.0021028,,,,,,,,
M-72964,17,8,R-Example1,n3,7,1092.2,113.504,0.007767,0.0021037,0.06,101519202,4.10E-08,3.558149,40.88572,0.00369,0.000388,0.002087
M-72965,18,9,R-Example1,b5,1,125.4,41.086,0.0077488,0.0021033,,,,,,,,
M-72965,18,9,R-Example1,b5,2,165.1,40.921,0.0077479,0.0021029,,,,,,,,
M-72965,18,9,R-Example1,b5,3,461.9,40.776,0.0077485,0.0021033,,,,,,,,
M-72965,18,9,R-Example1,b5,4,513.3,40.827,0.007748,0.002103,,,,,,,,
M-72965,18,9,R-Example1,b5,5,563,40.92,0.0077479,0.002103,,,,,,,,
M-72965,18,9,R-Example1,b5,6,610.9,40.783,0.0077475,0.0021028,,,,,,,,
M-72965,18,9,R-Example1,b5,7,1092.2,118.119,0.0078169,0.0021092,0.06,101519203,1.73E-07,10.27721,43.46037,0.003714,0.000388,0.002092
M-72966,19,USGS32,Cal,p8,1,125.4,40.789,0.0077481,0.002103,,,,,,,,
M-72966,19,USGS32,Cal,p8,2,149.2,41.002,0.0077482,0.002103,,,,,,,,
M-72966,19,USGS32,Cal,p8,3,462.7,40.801,0.0077489,0.0021032,,,,,,,,
M-72966,19,USGS32,Cal,p8,4,513.3,40.874,0.0077486,0.0021031,,,,,,,,
M-72966,19,USGS32,Cal,p8,5,563,40.848,0.0077478,0.002103,,,,,,,,
M-72966,19,USGS32,Cal,p8,6,608.6,40.817,0.0077475,0.0021028,,,,,,,,
M-72966,19,USGS32,Cal,p8,7,1091.8,124.647,0.0090361,0.0021606,1,,1.93E-08,175.489,66.48176,0.004322,0.000393,0.002139
M-72967,20,USGS35,Cal,f4,1,125.2,40.747,0.0077485,0.0021031,,,,,,,,
M-72967,20,USGS35,Cal,f4,2,165.1,40.882,0.0077477,0.0021028,,,,,,,,
M-72967,20,USGS35,Cal,f4,3,463.6,40.762,0.0077488,0.0021033,,,,,,,,
M-72967,20,USGS35,Cal,f4,4,513.3,40.764,0.007748,0.0021029,,,,,,,,
M-72967,20,USGS35,Cal,f4,5,563,40.877,0.0077482,0.0021029,,,,,,,,
M-72967,20,USGS35,Cal,f4,6,612,40.711,0.0077475,0.0021028,,,,,,,,
M-72967,20,USGS35,Cal,f4,7,1091.8,123.791,0.0077845,0.0022179,1,,2.15E-08,4.46929,97.794,0.003693,0.000399,0.002201
M-72968,21,USGS34,Cal,q2,1,125.2,40.604,0.0077476,0.0021029,,,,,,,,
M-72968,21,USGS34,Cal,q2,2,164.1,40.894,0.0077483,0.0021029,,,,,,,,
M-72968,21,USGS34,Cal,q2,3,463.8,40.769,0.0077484,0.0021029,,,,,,,,
M-72968,21,USGS34,Cal,q2,4,513.3,40.803,0.0077482,0.0021029,,,,,,,,
M-72968,21,USGS34,Cal,q2,5,563,40.903,0.0077481,0.002103,,,,,,,,
M-72968,21,USGS34,Cal,q2,6,612.8,40.703,0.0077475,0.0021028,,,,,,,,
M-72968,21,USGS34,Cal,q2,7,1092.2,122.652,0.0077264,0.0020479,1,,1.99E-11,-1.23397,13.16966,0.003672,0.000382,0.002032
M-72969,22,Acros 1ml,HS-Drift,f3,1,125.2,40.736,0.0077485,0.0021029,,,,,,,,
M-72969,22,Acros 1ml,HS-Drift,f3,2,164.7,40.905,0.0077485,0.0021029,,,,,,,,
M-72969,22,Acros 1ml,HS-Drift,f3,3,461.9,40.804,0.0077485,0.0021032,,,,,,,,
M-72969,22,Acros 1ml,HS-Drift,f3,4,513.3,40.81,0.0077484,0.002103,,,,,,,,
M-72969,22,Acros 1ml,HS-Drift,f3,5,563,40.857,0.007748,0.0021029,,,,,,,,
M-72969,22,Acros 1ml,HS-Drift,f3,6,612.8,40.768,0.0077475,0.0021028,,,,,,,,
M-72969,22,Acros 1ml,HS-Drift,f3,7,1092.9,183.504,0.0078558,0.0021566,1,,2.13E-09,14.95363,67.09663,0.003731,0.000393,0.00214
M-72970,23,10,R-Example1,j2,1,124.8,40.757,0.0077473,0.0021026,,,,,,,,
M-72970,23,10,R-Example1,j2,2,165.1,41.006,0.0077473,0.0021026,,,,,,,,
M-72970,23,10,R-Example1,j2,3,463.6,40.868,0.0077481,0.002103,,,,,,,,
M-72970,23,10,R-Example1,j2,4,512.9,40.851,0.0077477,0.0021027,,,,,,,,
M-72970,23,10,R-Example1,j2,5,558.9,40.83,0.0077473,0.0021027,,,,,,,,
M-72970,23,10,R-Example1,j2,6,612.8,40.88,0.0077475,0.0021028,,,,,,,,
M-72970,23,10,R-Example1,j2,7,1093.5,133.647,0.0077893,0.0021045,0.06,101519204,1.27E-07,6.582807,41.1962,0.003701,0.000388,0.002088
M-72971,24,10 rep,R-Example1,l8,1,125.4,41.001,0.0077481,0.0021029,,,,,,,,
M-72971,24,10 rep,R-Example1,l8,2,165.1,40.951,0.0077478,0.0021028,,,,,,,,
M-72971,24,10 rep,R-Example1,l8,3,460.6,40.771,0.0077483,0.0021029,,,,,,,,
M-72971,24,10 rep,R-Example1,l8,4,513.3,40.772,0.0077479,0.0021028,,,,,,,,
M-72971,24,10 rep,R-Example1,l8,5,563,40.832,0.0077482,0.0021027,,,,,,,,
M-72971,24,10 rep,R-Example1,l8,6,612.8,40.676,0.0077475,0.0021028,,,,,,,,
M-72971,24,10 rep,R-Example1,l8,7,1092.2,133.691,0.0077894,0.0021051,0.06,101519204,2.24E-07,6.589852,41.44696,0.003701,0.000388,0.002088
M-72972,25,11,R-Example1,p1,1,125.2,40.814,0.007748,0.002103,,,,,,,,
M-72972,25,11,R-Example1,p1,2,165.1,40.968,0.0077478,0.0021029,,,,,,,,
M-72972,25,11,R-Example1,p1,3,463.6,40.862,0.0077478,0.002103,,,,,,,,
M-72972,25,11,R-Example1,p1,4,513.3,40.926,0.007748,0.0021029,,,,,,,,
M-72972,25,11,R-Example1,p1,5,563,40.959,0.0077474,0.0021027,,,,,,,,
M-72972,25,11,R-Example1,p1,6,612.8,40.963,0.0077475,0.0021028,,,,,,,,
M-72972,25,11,R-Example1,p1,7,1090.6,145.046,0.0077894,0.0021024,0.04,101619301,4.14E-09,6.622186,40.21041,0.003701,0.000388,0.002086
M-72973,26,12,R-Example1,i3,1,122.3,41.021,0.007748,0.0021036,,,,,,,,
M-72973,26,12,R-Example1,i3,2,165.1,41.194,0.0077476,0.0021032,,,,,,,,
M-72973,26,12,R-Example1,i3,3,463.6,41.157,0.0077488,0.0021037,,,,,,,,
M-72973,26,12,R-Example1,i3,4,513.3,41.035,0.0077475,0.0021032,,,,,,,,
M-72973,26,12,R-Example1,i3,5,563,41.141,0.0077478,0.002103,,,,,,,,
M-72973,26,12,R-Example1,i3,6,605.3,41.04,0.0077475,0.0021028,,,,,,,,
M-72973,26,12,R-Example1,i3,7,1092.2,120.554,0.0078576,0.0021155,0.09,101619302,1.58E-08,15.73054,46.5959,0.003734,0.000389,0.002099
M-72974,27,13,R-Example1,m5,1,125.2,40.974,0.0077472,0.0021026,,,,,,,,
M-72974,27,13,R-Example1,m5,2,165.1,41.218,0.0077473,0.0021026,,,,,,,,
M-72974,27,13,R-Example1,m5,3,462.7,41.084,0.0077478,0.0021028,,,,,,,,
M-72974,27,13,R-Example1,m5,4,511.6,41.04,0.0077477,0.0021026,,,,,,,,
M-72974,27,13,R-Example1,m5,5,563,41.183,0.0077479,0.002103,,,,,,,,
M-72974,27,13,R-Example1,m5,6,612.8,41.008,0.0077475,0.0021028,,,,,,,,
M-72974,27,13,R-Example1,m5,7,1091.2,118.208,0.0077794,0.0020995,0.04,101619303,2.29E-09,5.299467,38.78592,0.003696,0.000387,0.002083
M-72975,28,NewAcr,Check,a9,1,123.9,41.042,0.0077487,0.0021031,,,,,,,,
M-72975,28,NewAcr,Check,a9,2,165.1,41.207,0.0077483,0.0021031,,,,,,,,
M-72975,28,NewAcr,Check,a9,3,455.8,41.039,0.0077483,0.0021031,,,,,,,,
M-72975,28,NewAcr,Check,a9,4,513.3,41.07,0.0077476,0.002103,,,,,,,,
M-72975,28,NewAcr,Check,a9,5,563,41.059,0.0077479,0.0021028,,,,,,,,
M-72975,28,NewAcr,Check,a9,6,612.8,41.049,0.0077475,0.0021028,,,,,,,,
M-72975,28,NewAcr,Check,a9,7,1090.1,104.216,0.0081728,0.0021657,0.02,,1.70E-08,57.96552,70.96162,0.00389,0.000394,0.002147
M-72976,29,14,R-Example1,c3,1,125.2,40.873,0.0077487,0.0021033,,,,,,,,
M-72976,29,14,R-Example1,c3,2,165.1,41.085,0.0077489,0.0021033,,,,,,,,
M-72976,29,14,R-Example1,c3,3,461.5,40.923,0.0077493,0.0021033,,,,,,,,
M-72976,29,14,R-Example1,c3,4,513.3,40.862,0.0077486,0.0021032,,,,,,,,
M-72976,29,14,R-Example1,c3,5,562,40.911,0.0077484,0.0021032,,,,,,,,
M-72976,29,14,R-Example1,c3,6,609,40.896,0.0077475,0.0021028,,,,,,,,
M-72976,29,14,R-Example1,c3,7,1092,135.085,0.0078053,0.0021041,0.03,101619304,6.67E-08,8.764068,40.99433,0.003709,0.000388,0.002087
M-72977,30,15,R-Example1,f9,1,125.4,40.856,0.0077475,0.002103,,,,,,,,
M-72977,30,15,R-Example1,f9,2,165.1,40.885,0.0077478,0.0021027,,,,,,,,
M-72977,30,15,R-Example1,f9,3,463.6,40.844,0.0077486,0.0021032,,,,,,,,
M-72977,30,15,R-Example1,f9,4,513.3,40.85,0.0077478,0.0021029,,,,,,,,
M-72977,30,15,R-Example1,f9,5,557.4,40.949,0.0077475,0.0021028,,,,,,,,
M-72977,30,15,R-Example1,f9,6,612.8,40.834,0.0077475,0.0021028,,,,,,,,
M-72977,30,15,R-Example1,f9,7,1090.4,141.058,0.0078047,0.0021034,0.03,101619304Q,6.39E-09,8.690776,40.67661,0.003708,0.000388,0.002087
M-72978,31,16,R-Example1,p7,1,125.2,40.895,0.0077498,0.0021032,,,,,,,,
M-72978,31,16,R-Example1,p7,2,164.3,41.141,0.0077494,0.0021032,,,,,,,,
M-72978,31,16,R-Example1,p7,3,463.6,40.992,0.0077496,0.0021033,,,,,,,,
M-72978,31,16,R-Example1,p7,4,513.3,40.92,0.0077487,0.002103,,,,,,,,
M-72978,31,16,R-Example1,p7,5,563,41.049,0.0077485,0.0021029,,,,,,,,
M-72978,31,16,R-Example1,p7,6,612.8,40.928,0.0077475,0.0021028,,,,,,,,
M-72978,31,16,R-Example1,p7,7,1090.8,126.966,0.0079786,0.0021237,0.08,101619305,2.10E-07,32.08894,50.33658,0.003794,0.00039,0.002106
M-72979,32,17,R-Example1,d6,1,125.2,41.045,0.0077487,0.0021034,,,,,,,,
M-72979,32,17,R-Example1,d6,2,165.1,41.171,0.007748,0.0021033,,,,,,,,
M-72979,32,17,R-Example1,d6,3,463.8,41.058,0.0077485,0.0021032,,,,,,,,
M-72979,32,17,R-Example1,d6,4,512.3,41.018,0.0077479,0.002103,,,,,,,,
M-72979,32,17,R-Example1,d6,5,563,41.09,0.0077479,0.002103,,,,,,,,
M-72979,32,17,R-Example1,d6,6,612.8,41.009,0.0077475,0.0021028,,,,,,,,
M-72979,32,17,R-Example1,d6,7,1090.1,109.472,0.0077927,0.0021014,0.05,101719101,3.11E-09,7.084186,39.70565,0.003703,0.000388,0.002085
M-72980,33,18,R-Example1,d4,1,125.2,40.947,0.0077485,0.0021032,,,,,,,,
M-72980,33,18,R-Example1,d4,2,165.1,41.115,0.007748,0.002103,,,,,,,,
M-72980,33,18,R-Example1,d4,3,463.8,41.018,0.0077485,0.0021033,,,,,,,,
M-72980,33,18,R-Example1,d4,4,513.3,41.022,0.0077479,0.0021031,,,,,,,,
M-72980,33,18,R-Example1,d4,5,563,41.021,0.0077475,0.0021031,,,,,,,,
M-72980,33,18,R-Example1,d4,6,612.8,40.942,0.0077475,0.0021028,,,,,,,,
M-72980,33,18,R-Example1,d4,7,1091.4,112.794,0.0077934,0.0021022,0.05,101719101Q,9.96E-09,7.169078,40.09964,0.003703,0.000388,0.002086
M-72981,34,N3 70uM,Lin,h5,1,118.1,40.929,0.0077483,0.0021031,,,,,,,,
M-72981,34,N3 70uM,Lin,h5,2,165.1,41.135,0.0077486,0.002103,,,,,,,,
M-72981,34,N3 70uM,Lin,h5,3,463.6,41.017,0.0077489,0.0021032,,,,,,,,
M-72981,34,N3 70uM,Lin,h5,4,513.5,41.431,0.007748,0.0021029,,,,,,,,
M-72981,34,N3 70uM,Lin,h5,5,562,41.087,0.0077481,0.002103,,,,,,,,
M-72981,34,N3 70uM,Lin,h5,6,612.8,40.96,0.0077475,0.0021028,,,,,,,,
M-72981,34,N3 70uM,Lin,h5,7,1090.8,265.048,0.0077871,0.00216,1,,4.46E-08,5.563642,68.91119,0.003697,0.000393,0.002143
M-72982,35,N3 50uM,Lin,d7,1,125.2,41.079,0.0077485,0.0021035,,,,,,,,
M-72982,35,N3 50uM,Lin,d7,2,165.3,41.621,0.0077485,0.0021036,,,,,,,,
M-72982,35,N3 50uM,Lin,d7,3,464,41.693,0.0077487,0.0021033,,,,,,,,
M-72982,35,N3 50uM,Lin,d7,4,513.3,41.176,0.0077488,0.0021031,,,,,,,,
M-72982,35,N3 50uM,Lin,d7,5,563,41.257,0.0077479,0.0021028,,,,,,,,
M-72982,35,N3 50uM,Lin,d7,6,612.8,41.145,0.0077475,0.0021028,,,,,,,,
M-72982,35,N3 50uM,Lin,d7,7,1091,186.713,0.0077854,0.0021552,1,,1.70E-08,5.393805,66.53538,0.003696,0.000393,0.002139
M-72983,36,N3 35uM,Lin,p10,1,125.4,41.303,0.0077474,0.0021029,,,,,,,,
M-72983,36,N3 35uM,Lin,p10,2,163.6,41.511,0.0077477,0.0021029,,,,,,,,
M-72983,36,N3 35uM,Lin,p10,3,463.6,41.175,0.0077484,0.0021031,,,,,,,,
M-72983,36,N3 35uM,Lin,p10,4,513.3,41.126,0.0077477,0.0021028,,,,,,,,
M-72983,36,N3 35uM,Lin,p10,5,555.5,41.277,0.0077476,0.0021029,,,,,,,,
M-72983,36,N3 35uM,Lin,p10,6,611.3,41.221,0.0077475,0.0021028,,,,,,,,
M-72983,36,N3 35uM,Lin,p10,7,1091.8,127.044,0.0077827,0.0021543,1,,2.85E-08,5.03821,66.08645,0.003695,0.000393,0.002138
M-72984,37,N3 25uM,Lin,h2,1,123.9,41.119,0.0077487,0.0021033,,,,,,,,
M-72984,37,N3 25uM,Lin,h2,2,165.1,41.281,0.0077486,0.002103,,,,,,,,
M-72984,37,N3 25uM,Lin,h2,3,463.6,41.171,0.0077488,0.0021033,,,,,,,,
M-72984,37,N3 25uM,Lin,h2,4,513.3,41.182,0.0077483,0.0021031,,,,,,,,
M-72984,37,N3 25uM,Lin,h2,5,563,41.208,0.0077481,0.0021032,,,,,,,,
M-72984,37,N3 25uM,Lin,h2,6,612.8,41.141,0.0077475,0.0021028,,,,,,,,
M-72984,37,N3 25uM,Lin,h2,7,1090.8,91.121,0.007781,0.0021539,1,,1.05E-09,4.811722,65.90419,0.003694,0.000393,0.002137
M-72985,38,N3 10uM,Lin,p3,1,125.2,41.153,0.0077492,0.0021034,,,,,,,,
M-72985,38,N3 10uM,Lin,p3,2,165.1,41.253,0.0077481,0.0021031,,,,,,,,
M-72985,38,N3 10uM,Lin,p3,3,463.6,41.2,0.0077488,0.0021033,,,,,,,,
M-72985,38,N3 10uM,Lin,p3,4,513.3,41.188,0.0077479,0.0021027,,,,,,,,
M-72985,38,N3 10uM,Lin,p3,5,563,41.238,0.0077479,0.002103,,,,,,,,
M-72985,38,N3 10uM,Lin,p3,6,613,41.457,0.0077475,0.0021028,,,,,,,,
M-72985,38,N3 10uM,Lin,p3,7,1091.6,34.892,0.0077805,0.0021548,1,,2.40E-08,4.732395,66.34247,0.003694,0.000393,0.002138
M-72986,39,N3 7uM,Lin,l7,1,125.2,41.067,0.007748,0.0021029,,,,,,,,
M-72986,39,N3 7uM,Lin,l7,2,164.5,41.194,0.0077472,0.0021028,,,,,,,,
M-72986,39,N3 7uM,Lin,l7,3,463.6,41.088,0.0077479,0.0021027,,,,,,,,
M-72986,39,N3 7uM,Lin,l7,4,513.3,41.08,0.0077473,0.0021028,,,,,,,,
M-72986,39,N3 7uM,Lin,l7,5,562.8,41.454,0.0077475,0.0021026,,,,,,,,
M-72986,39,N3 7uM,Lin,l7,6,600,41.138,0.0077475,0.0021028,,,,,,,,
M-72986,39,N3 7uM,Lin,l7,7,1091.2,24.172,0.0077819,0.0021539,1,,5.06E-10,4.934162,65.90263,0.003695,0.000393,0.002137
M-72987,40,N3 6uM,Lin,h9,1,118.3,41.071,0.0077493,0.0021033,,,,,,,,
M-72987,40,N3 6uM,Lin,h9,2,165.1,41.226,0.0077487,0.0021031,,,,,,,,
M-72987,40,N3 6uM,Lin,h9,3,463.8,41.083,0.0077491,0.0021032,,,,,,,,
M-72987,40,N3 6uM,Lin,h9,4,512,41.42,0.0077481,0.0021031,,,,,,,,
M-72987,40,N3 6uM,Lin,h9,5,563,41.246,0.0077476,0.002103,,,,,,,,
M-72987,40,N3 6uM,Lin,h9,6,613,41.233,0.0077475,0.0021028,,,,,,,,
M-72987,40,N3 6uM,Lin,h9,7,1092,20.728,0.0077804,0.002154,1,,1.50E-08,4.728982,65.94833,0.003694,0.000393,0.002137
M-72988,41,N3 5uM,Lin,b10,1,125.2,41.079,0.0077485,0.0021034,,,,,,,,
M-72988,41,N3 5uM,Lin,b10,2,165.1,41.514,0.0077486,0.0021033,,,,,,,,
M-72988,41,N3 5uM,Lin,b10,3,463.8,41.533,0.0077489,0.0021033,,,,,,,,
M-72988,41,N3 5uM,Lin,b10,4,513.3,41.248,0.0077479,0.0021032,,,,,,,,
M-72988,41,N3 5uM,Lin,b10,5,563,41.34,0.0077478,0.0021029,,,,,,,,
M-72988,41,N3 5uM,Lin,b10,6,612.8,41.188,0.0077475,0.0021028,,,,,,,,
M-72988,41,N3 5uM,Lin,b10,7,1091.6,18.058,0.0077836,0.0021531,1,,6.18E-08,5.17655,65.46976,0.003696,0.000393,0.002136
M-72989,42,N3 4uM,Lin,n7,1,124.8,41.225,0.007747,0.0021029,,,,,,,,
M-72989,42,N3 4uM,Lin,n7,2,165.1,41.305,0.0077468,0.0021029,,,,,,,,
M-72989,42,N3 4uM,Lin,n7,3,463.8,41.313,0.0077478,0.0021031,,,,,,,,
M-72989,42,N3 4uM,Lin,n7,4,513.3,41.159,0.0077469,0.0021028,,,,,,,,
M-72989,42,N3 4uM,Lin,n7,5,561.8,41.377,0.0077476,0.0021031,,,,,,,,
M-72989,42,N3 4uM,Lin,n7,6,612.8,41.32,0.0077475,0.0021028,,,,,,,,
M-72989,42,N3 4uM,Lin,n7,7,1091.2,14.242,0.0077807,0.0021531,1,,6.71E-08,4.782069,65.47303,0.003694,0.000393,0.002136
M-72990,43,N3 2uM,Lin,i10,1,125.2,41.187,0.0077479,0.0021034,,,,,,,,
M-72990,43,N3 2uM,Lin,i10,2,165.1,41.46,0.0077479,0.0021031,,,,,,,,
M-72990,43,N3 2uM,Lin,i10,3,463.8,41.404,0.007749,0.0021033,,,,,,,,
M-72990,43,N3 2uM,Lin,i10,4,513.5,41.351,0.0077477,0.0021032,,,,,,,,
M-72990,43,N3 2uM,Lin,i10,5,563,41.435,0.0077478,0.0021032,,,,,,,,
M-72990,43,N3 2uM,Lin,i10,6,612.8,41.278,0.0077475,0.0021028,,,,,,,,
M-72990,43,N3 2uM,Lin,i10,7,1091.4,7.451,0.0077873,0.0021539,1,,1.08E-09,5.668848,65.89134,0.003697,0.000393,0.002137
M-72991,44,Acros 1ml,HS-Drift,b2,1,121.8,41.02,0.0077495,0.0021034,,,,,,,,
M-72991,44,Acros 1ml,HS-Drift,b2,2,165.1,41.255,0.0077486,0.0021032,,,,,,,,
M-72991,44,Acros 1ml,HS-Drift,b2,3,463.8,41.037,0.0077489,0.0021033,,,,,,,,
M-72991,44,Acros 1ml,HS-Drift,b2,4,513.3,41.021,0.0077483,0.0021031,,,,,,,,
M-72991,44,Acros 1ml,HS-Drift,b2,5,563,41.124,0.0077479,0.002103,,,,,,,,
M-72991,44,Acros 1ml,HS-Drift,b2,6,613,41.213,0.0077475,0.0021028,,,,,,,,
M-72991,44,Acros 1ml,HS-Drift,b2,7,1090.6,163.541,0.0078559,0.0021566,1,,2.15E-09,14.96723,67.09641,0.003732,0.000393,0.00214
M-72992,45,19,R-Example1,q4,1,125.4,40.994,0.0077486,0.0021034,,,,,,,,
M-72992,45,19,R-Example1,q4,2,165.1,41.098,0.007748,0.0021031,,,,,,,,
M-72992,45,19,R-Example1,q4,3,463.8,40.966,0.0077491,0.0021035,,,,,,,,
M-72992,45,19,R-Example1,q4,4,513.3,40.908,0.0077487,0.0021033,,,,,,,,
M-72992,45,19,R-Example1,q4,5,562.4,41.257,0.0077482,0.0021031,,,,,,,,
M-72992,45,19,R-Example1,q4,6,612.2,40.891,0.0077475,0.0021028,,,,,,,,
M-72992,45,19,R-Example1,q4,7,1091.6,123.107,0.0077822,0.0021017,0.06,1019102,1.15E-10,5.651686,39.8781,0.003697,0.000388,0.002085
M-72993,46,19 rep,R-Example1,n8,1,125.2,41.008,0.0077488,0.0021028,,,,,,,,
M-72993,46,19 rep,R-Example1,n8,2,165.1,41.248,0.007749,0.0021028,,,,,,,,
M-72993,46,19 rep,R-Example1,n8,3,463.6,40.969,0.0077492,0.0021032,,,,,,,,
M-72993,46,19 rep,R-Example1,n8,4,511.8,41.231,0.0077488,0.002103,,,,,,,,
M-72993,46,19 rep,R-Example1,n8,5,563,41.016,0.0077479,0.0021028,,,,,,,,
M-72993,46,19 rep,R-Example1,n8,6,612.8,40.978,0.0077475,0.0021028,,,,,,,,
M-72993,46,19 rep,R-Example1,n8,7,1091,121.839,0.0077828,0.0021018,0.06,1019102,4.02E-13,5.732011,39.92679,0.003698,0.000388,0.002085
M-72994,47,1,R-Example2,e5,1,123.5,41.069,0.0077482,0.0021031,,,,,,,,
M-72994,47,1,R-Example2,e5,2,164.5,41.393,0.0077482,0.0021032,,,,,,,,
M-72994,47,1,R-Example2,e5,3,463.8,41.328,0.0077482,0.002103,,,,,,,,
M-72994,47,1,R-Example2,e5,4,513.3,41.147,0.0077481,0.0021028,,,,,,,,
M-72994,47,1,R-Example2,e5,5,563,41.218,0.0077477,0.0021027,,,,,,,,
M-72994,47,1,R-Example2,e5,6,612.8,41.125,0.0077475,0.0021028,,,,,,,,
M-72994,47,1,R-Example2,e5,7,1089.9,370.417,0.0078244,0.0021141,1,SIU-15,2.00E-11,11.2316,45.97394,0.003718,0.000389,0.002097
M-72995,48,2,R-Example2,g1,1,125.4,41.324,0.0077487,0.0021031,,,,,,,,
M-72995,48,2,R-Example2,g1,2,155.3,41.573,0.0077485,0.0021029,,,,,,,,
M-72995,48,2,R-Example2,g1,3,461.9,41.394,0.0077486,0.002103,,,,,,,,
M-72995,48,2,R-Example2,g1,4,513.3,41.316,0.007748,0.0021028,,,,,,,,
M-72995,48,2,R-Example2,g1,5,563,41.457,0.0077477,0.0021028,,,,,,,,
M-72995,48,2,R-Example2,g1,6,612.8,41.372,0.0077475,0.0021028,,,,,,,,
M-72995,48,2,R-Example2,g1,7,1091,15.703,0.0079486,0.0021762,1.3,SIU-16,9.37E-09,27.32747,76.67259,0.003777,0.000395,0.002159
M-72996,49,3,R-Example2,o3,1,125.2,41.325,0.0077488,0.0021032,,,,,,,,
M-72996,49,3,R-Example2,o3,2,165.1,41.571,0.0077488,0.0021032,,,,,,,,
M-72996,49,3,R-Example2,o3,3,463.6,41.332,0.0077489,0.002103,,,,,,,,
M-72996,49,3,R-Example2,o3,4,512.7,41.384,0.0077483,0.0021028,,,,,,,,
M-72996,49,3,R-Example2,o3,5,556.6,41.432,0.0077476,0.0021029,,,,,,,,
M-72996,49,3,R-Example2,o3,6,612.6,41.323,0.0077475,0.0021028,,,,,,,,
M-72996,49,3,R-Example2,o3,7,1090.8,17.895,0.0077669,0.0021368,1.2,SIU-17,5.91E-08,3.114936,57.37881,0.003688,0.000391,0.00212
M-72997,50,Fisher,Check,e4,1,125.2,41.183,0.007748,0.0021031,,,,,,,,
M-72997,50,Fisher,Check,e4,2,165.1,41.358,0.0077474,0.002103,,,,,,,,
M-72997,50,Fisher,Check,e4,3,463.6,41.149,0.0077479,0.0021028,,,,,,,,
M-72997,50,Fisher,Check,e4,4,513.3,41.161,0.0077481,0.0021029,,,,,,,,
M-72997,50,Fisher,Check,e4,5,563,41.181,0.0077478,0.0021029,,,,,,,,
M-72997,50,Fisher,Check,e4,6,613,41.301,0.0077475,0.0021028,,,,,,,,
M-72997,50,Fisher,Check,e4,7,1092.2,145.175,0.0077177,0.0021491,1,,6.81E-08,-3.73758,63.60619,0.003663,0.000392,0.002133
M-72998,51,blank,blank,n4,1,125.4,40.996,0.0077481,0.0021029,,,,,,,,
M-72998,51,blank,blank,n4,2,165.1,41.311,0.0077481,0.0021031,,,,,,,,
M-72998,51,blank,blank,n4,3,463.8,40.939,0.0077485,0.0021032,,,,,,,,
M-72998,51,blank,blank,n4,4,508.1,40.957,0.0077481,0.0021031,,,,,,,,
M-72998,51,blank,blank,n4,5,563,41.144,0.0077482,0.0021032,,,,,,,,
M-72998,51,blank,blank,n4,6,613,40.826,0.0077475,0.0021028,,,,,,,,
M-72999,52,4,R-Example2,q6,1,125.2,40.697,0.007748,0.002103,,,,,,,,
M-72999,52,4,R-Example2,q6,2,165.1,40.856,0.0077472,0.0021026,,,,,,,,
M-72999,52,4,R-Example2,q6,3,463.8,40.798,0.0077484,0.0021031,,,,,,,,
M-72999,52,4,R-Example2,q6,4,510.4,41.011,0.0077478,0.0021029,,,,,,,,
M-72999,52,4,R-Example2,q6,5,557.6,40.922,0.0077475,0.002103,,,,,,,,
M-72999,52,4,R-Example2,q6,6,612.8,40.835,0.0077475,0.0021028,,,,,,,,
M-72999,52,4,R-Example2,q6,7,1090.6,154.501,0.0078134,0.002108,1.2,SIU-18,5.57E-08,9.815135,42.92758,0.003713,0.000388,0.002091
M-73000,53,5,R-Example2,o4,1,125.2,40.738,0.0077492,0.0021033,,,,,,,,
M-73000,53,5,R-Example2,o4,2,165.1,40.956,0.0077489,0.0021031,,,,,,,,
M-73000,53,5,R-Example2,o4,3,463.8,40.911,0.0077492,0.0021032,,,,,,,,
M-73000,53,5,R-Example2,o4,4,513.3,40.891,0.0077489,0.0021031,,,,,,,,
M-73000,53,5,R-Example2,o4,5,563,40.895,0.0077482,0.002103,,,,,,,,
M-73000,53,5,R-Example2,o4,6,612.8,40.856,0.0077475,0.0021028,,,,,,,,
M-73000,53,5,R-Example2,o4,7,1090.4,2.002,0.0078128,0.0021307,1.4,SIU-19,1.53E-07,9.4399,54.19746,0.003711,0.00039,0.002114
M-73001,54,6,R-Example2,q3,1,125.2,40.386,0.0077478,0.0021032,,,,,,,,
M-73001,54,6,R-Example2,q3,2,165.1,40.884,0.0077479,0.0021031,,,,,,,,
M-73001,54,6,R-Example2,q3,3,463.8,40.693,0.0077482,0.002103,,,,,,,,
M-73001,54,6,R-Example2,q3,4,513.3,40.74,0.0077477,0.0021029,,,,,,,,
M-73001,54,6,R-Example2,q3,5,562.4,40.802,0.0077475,0.0021029,,,,,,,,
M-73001,54,6,R-Example2,q3,6,613,40.695,0.0077475,0.0021028,,,,,,,,
M-73001,54,6,R-Example2,q3,7,1091.6,28.216,0.0077363,0.0021159,1,SIU-20,1.13E-08,-0.77784,47.04509,0.003674,0.000389,0.0021
M-73002,55,7,R-Example2,q9,1,125.2,40.603,0.0077483,0.0021031,,,,,,,,
M-73002,55,7,R-Example2,q9,2,165.1,40.755,0.0077475,0.0021027,,,,,,,,
M-73002,55,7,R-Example2,q9,3,463.8,40.709,0.0077487,0.0021031,,,,,,,,
M-73002,55,7,R-Example2,q9,4,513.3,40.622,0.0077479,0.0021029,,,,,,,,
M-73002,55,7,R-Example2,q9,5,563,40.717,0.0077477,0.0021029,,,,,,,,
M-73002,55,7,R-Example2,q9,6,612.8,40.634,0.0077475,0.0021028,,,,,,,,
M-73002,55,7,R-Example2,q9,7,1088.7,477.82,0.0085038,0.0023028,1.4,SIU-21,2.23E-12,101.2627,138.5986,0.004049,0.000406,0.002283
M-73003,56,8,R-Example2,p4,1,125.4,40.717,0.0077486,0.0021031,,,,,,,,
M-73003,56,8,R-Example2,p4,2,165.1,40.873,0.0077482,0.002103,,,,,,,,
M-73003,56,8,R-Example2,p4,3,463.8,40.803,0.0077486,0.0021032,,,,,,,,
M-73003,56,8,R-Example2,p4,4,513.5,40.823,0.0077485,0.002103,,,,,,,,
M-73003,56,8,R-Example2,p4,5,563.3,40.883,0.0077479,0.0021031,,,,,,,,
M-73003,56,8,R-Example2,p4,6,613,40.913,0.0077475,0.0021028,,,,,,,,
M-73003,56,8,R-Example2,p4,7,1090.4,9.129,0.0076779,0.0021151,1,SIU-22,9.24E-09,-8.71288,46.76515,0.003644,0.000389,0.002099
M-73004,57,Acros 0-02ml,HS,c5,1,119.1,40.542,0.0077485,0.0021029,,,,,,,,
M-73004,57,Acros 0-02ml,HS,c5,2,165.1,40.691,0.0077479,0.002103,,,,,,,,
M-73004,57,Acros 0-02ml,HS,c5,3,462.3,40.466,0.007749,0.0021033,,,,,,,,
M-73004,57,Acros 0-02ml,HS,c5,4,513.3,40.475,0.0077488,0.0021031,,,,,,,,
M-73004,57,Acros 0-02ml,HS,c5,5,563,40.543,0.0077487,0.0021031,,,,,,,,
M-73004,57,Acros 0-02ml,HS,c5,6,612.8,40.318,0.0077475,0.0021028,,,,,,,,
M-73004,57,Acros 0-02ml,HS,c5,7,1093.1,156.004,0.0078557,0.0021569,0.02,,5.25E-09,14.9362,67.24484,0.003731,0.000393,0.00214
M-73005,58,Acros 0-1ml,HS,j5,1,125.4,40.36,0.0077481,0.0021029,,,,,,,,
M-73005,58,Acros 0-1ml,HS,j5,2,164.7,40.44,0.0077473,0.0021029,,,,,,,,
M-73005,58,Acros 0-1ml,HS,j5,3,463.6,40.348,0.0077476,0.0021032,,,,,,,,
M-73005,58,Acros 0-1ml,HS,j5,4,513.3,40.326,0.0077479,0.002103,,,,,,,,
M-73005,58,Acros 0-1ml,HS,j5,5,563,40.386,0.0077475,0.0021029,,,,,,,,
M-73005,58,Acros 0-1ml,HS,j5,6,613,40.262,0.0077475,0.0021028,,,,,,,,
M-73005,58,Acros 0-1ml,HS,j5,7,1091.6,197.075,0.0078569,0.0021563,0.1,,7.75E-09,15.10722,66.942,0.003732,0.000393,0.002139
M-73006,59,Acros 0-5ml,HS,o10,1,125.4,40.26,0.0077488,0.0021029,,,,,,,,
M-73006,59,Acros 0-5ml,HS,o10,2,161.6,40.481,0.0077486,0.0021027,,,,,,,,
M-73006,59,Acros 0-5ml,HS,o10,3,463.8,40.343,0.0077489,0.0021032,,,,,,,,
M-73006,59,Acros 0-5ml,HS,o10,4,513.3,40.351,0.0077485,0.0021031,,,,,,,,
M-73006,59,Acros 0-5ml,HS,o10,5,563,40.296,0.0077479,0.0021027,,,,,,,,
M-73006,59,Acros 0-5ml,HS,o10,6,612.8,40.267,0.0077475,0.0021028,,,,,,,,
M-73006,59,Acros 0-5ml,HS,o10,7,1091,146.144,0.0078552,0.0021554,0.5,,1.89E-08,14.88767,66.49122,0.003731,0.000393,0.002139
M-73007,60,Acros 2ml,HS,g6,1,122.9,39.884,0.0077485,0.002103,,,,,,,,
M-73007,60,Acros 2ml,HS,g6,2,164.3,40.355,0.0077485,0.0021031,,,,,,,,
M-73007,60,Acros 2ml,HS,g6,3,463.6,40.124,0.0077485,0.0021032,,,,,,,,
M-73007,60,Acros 2ml,HS,g6,4,499.7,40.124,0.0077483,0.0021031,,,,,,,,
M-73007,60,Acros 2ml,HS,g6,5,563,40.209,0.0077481,0.0021029,,,,,,,,
M-73007,60,Acros 2ml,HS,g6,6,612.8,40.089,0.0077475,0.0021028,,,,,,,,
M-73007,60,Acros 2ml,HS,g6,7,1091.6,176.678,0.0078552,0.0021567,2,,3.71E-09,14.87073,67.14693,0.003731,0.000393,0.00214
M-73008,61,9,R-Example2,m2,1,120.6,39.959,0.0077485,0.0021033,,,,,,,,
M-73008,61,9,R-Example2,m2,2,165.1,40.065,0.0077479,0.0021031,,,,,,,,
M-73008,61,9,R-Example2,m2,3,463.6,39.926,0.0077488,0.0021033,,,,,,,,
M-73008,61,9,R-Example2,m2,4,513.3,39.914,0.007748,0.0021032,,,,,,,,
M-73008,61,9,R-Example2,m2,5,563,39.976,0.0077477,0.0021032,,,,,,,,
M-73008,61,9,R-Example2,m2,6,612.8,39.77,0.0077475,0.0021028,,,,,,,,
M-73008,61,9,R-Example2,m2,7,1090.4,452.211,0.0082477,0.0022312,2,SIU-23,9.49E-09,67.31981,103.459,0.003924,0.0004,0.002213
M-73009,62,10,R-Example2,k3,1,125.4,39.971,0.0077473,0.0021026,,,,,,,,
M-73009,62,10,R-Example2,k3,2,165.1,40.071,0.0077467,0.0021024,,,,,,,,
M-73009,62,10,R-Example2,k3,3,461.9,39.974,0.007748,0.002103,,,,,,,,
M-73009,62,10,R-Example2,k3,4,513.3,39.93,0.0077481,0.0021029,,,,,,,,
M-73009,62,10,R-Example2,k3,5,563,39.974,0.0077473,0.0021028,,,,,,,,
M-73009,62,10,R-Example2,k3,6,613,39.983,0.0077475,0.0021028,,,,,,,,
M-73009,62,10,R-Example2,k3,7,1089.7,338.861,0.0078218,0.0021158,1.3,SIU-24,6.69E-09,10.85585,46.82346,0.003716,0.000389,0.002099
M-73010,63,10 rep,R-Example2,f2,1,125.2,40.123,0.007748,0.0021031,,,,,,,,
M-73010,63,10 rep,R-Example2,f2,2,165.1,40.176,0.0077474,0.0021028,,,,,,,,
M-73010,63,10 rep,R-Example2,f2,3,463.8,40.158,0.0077482,0.0021033,,,,,,,,
M-73010,63,10 rep,R-Example2,f2,4,513.3,40.142,0.007748,0.002103,,,,,,,,
M-73010,63,10 rep,R-Example2,f2,5,563,40.286,0.0077478,0.002103,,,,,,,,
M-73010,63,10 rep,R-Example2,f2,6,607.8,40.107,0.0077475,0.0021028,,,,,,,,
M-73010,63,10 rep,R-Example2,f2,7,1090.8,344.977,0.0078221,0.0021162,1.3,SIU-24,2.24E-09,10.8914,47.02448,0.003717,0.000389,0.002099
M-73011,64,11,R-Example2,q1,1,125.4,40.001,0.0077483,0.0021029,,,,,,,,
M-73011,64,11,R-Example2,q1,2,164.3,40.249,0.0077482,0.0021028,,,,,,,,
M-73011,64,11,R-Example2,q1,3,463.8,40.123,0.0077482,0.002103,,,,,,,,
M-73011,64,11,R-Example2,q1,4,513.3,40.123,0.0077474,0.0021029,,,,,,,,
M-73011,64,11,R-Example2,q1,5,563,40.065,0.0077477,0.0021028,,,,,,,,
M-73011,64,11,R-Example2,q1,6,612.8,40.011,0.0077475,0.0021028,,,,,,,,
M-73011,64,11,R-Example2,q1,7,1092,70.251,0.0082045,0.002148,1,SIU-25,6.27E-09,62.50633,62.07502,0.003906,0.000392,0.00213
M-73012,65,12,R-Example2,m7,1,125.4,39.919,0.0077474,0.0021028,,,,,,,,
M-73012,65,12,R-Example2,m7,2,165.1,40.076,0.0077472,0.0021027,,,,,,,,
M-73012,65,12,R-Example2,m7,3,463.8,40.178,0.0077481,0.0021029,,,,,,,,
M-73012,65,12,R-Example2,m7,4,511,40.14,0.0077478,0.002103,,,,,,,,
M-73012,65,12,R-Example2,m7,5,561.4,40.176,0.007747,0.0021027,,,,,,,,
M-73012,65,12,R-Example2,m7,6,611.1,40.161,0.0077475,0.0021028,,,,,,,,
M-73012,65,12,R-Example2,m7,7,1089.1,578.046,0.0088239,0.0024809,1.3,SIU-26,1.45E-07,142.6326,226.5914,0.004201,0.000422,0.00246
M-73013,66,Strem,Check,d9,1,118.5,40.289,0.0077481,0.0021032,,,,,,,,
M-73013,66,Strem,Check,d9,2,165.1,40.426,0.0077473,0.0021028,,,,,,,,
M-73013,66,Strem,Check,d9,3,458.1,40.314,0.0077475,0.0021029,,,,,,,,
M-73013,66,Strem,Check,d9,4,513.3,40.36,0.0077475,0.0021029,,,,,,,,
M-73013,66,Strem,Check,d9,5,562.6,40.432,0.0077476,0.0021029,,,,,,,,
M-73013,66,Strem,Check,d9,6,613,40.305,0.0077475,0.0021028,,,,,,,,
M-73013,66,Strem,Check,d9,7,1091.6,51.2,0.0077201,0.0021506,2,,3.29E-08,-3.43086,64.36674,0.003664,0.000392,0.002134
M-73014,67,13,R-Example2,o7,1,125.2,40.134,0.0077495,0.0021033,,,,,,,,
M-73014,67,13,R-Example2,o7,2,161.6,40.265,0.0077489,0.0021031,,,,,,,,
M-73014,67,13,R-Example2,o7,3,463.8,40.167,0.0077499,0.0021033,,,,,,,,
M-73014,67,13,R-Example2,o7,4,513.3,40.141,0.0077488,0.0021032,,,,,,,,
M-73014,67,13,R-Example2,o7,5,563,40.169,0.0077483,0.002103,,,,,,,,
M-73014,67,13,R-Example2,o7,6,612.8,40.018,0.0077475,0.0021028,,,,,,,,
M-73014,67,13,R-Example2,o7,7,1089.9,255.332,0.0078487,0.0021213,1.2,SIU-27,1.97E-07,14.44667,49.41559,0.00373,0.000389,0.002104
M-73015,68,14,R-Example2,i5,1,118.1,40.122,0.0077494,0.0021032,,,,,,,,
M-73015,68,14,R-Example2,i5,2,165.1,40.144,0.0077482,0.002103,,,,,,,,
M-73015,68,14,R-Example2,i5,3,461.9,40.009,0.0077488,0.0021031,,,,,,,,
M-73015,68,14,R-Example2,i5,4,513.3,39.945,0.0077484,0.0021029,,,,,,,,
M-73015,68,14,R-Example2,i5,5,563,40.117,0.0077486,0.0021032,,,,,,,,
M-73015,68,14,R-Example2,i5,6,610.7,39.59,0.0077475,0.0021028,,,,,,,,
M-73015,68,14,R-Example2,i5,7,1092,13.628,0.007944,0.0021299,1.3,SIU-28,1.64E-08,27.29859,53.59608,0.003777,0.00039,0.002113
M-73016,69,15,R-Example2,b4,1,125.4,39.765,0.0077478,0.002103,,,,,,,,
M-73016,69,15,R-Example2,b4,2,163,39.962,0.0077473,0.0021028,,,,,,,,
M-73016,69,15,R-Example2,b4,3,463.8,39.807,0.007748,0.002103,,,,,,,,
M-73016,69,15,R-Example2,b4,4,509.1,39.825,0.0077475,0.0021031,,,,,,,,
M-73016,69,15,R-Example2,b4,5,559.1,39.654,0.0077472,0.0021029,,,,,,,,
M-73016,69,15,R-Example2,b4,6,612,39.863,0.0077475,0.0021028,,,,,,,,
M-73016,69,15,R-Example2,b4,7,1090.1,314.557,0.0078221,0.0021209,1.9,SIU-29,1.93E-07,10.83282,49.27251,0.003716,0.000389,0.002104
M-73017,70,16,R-Example2,d1,1,124.8,39.912,0.0077488,0.0021031,,,,,,,,
M-73017,70,16,R-Example2,d1,2,165.1,40.007,0.0077483,0.0021029,,,,,,,,
M-73017,70,16,R-Example2,d1,3,463.8,39.899,0.0077489,0.0021032,,,,,,,,
M-73017,70,16,R-Example2,d1,4,513.3,39.686,0.0077486,0.0021031,,,,,,,,
M-73017,70,16,R-Example2,d1,5,563,39.916,0.0077483,0.0021029,,,,,,,,
M-73017,70,16,R-Example2,d1,6,612.8,39.804,0.0077475,0.0021028,,,,,,,,
M-73017,70,16,R-Example2,d1,7,1090.8,183.591,0.0078454,0.0021208,1.2,SIU-30,1.91E-07,14.00411,49.17603,0.003728,0.000389,0.002104
M-73018,71,17,R-Example2,p2,1,125.4,39.832,0.0077479,0.0021029,,,,,,,,
M-73018,71,17,R-Example2,p2,2,165.1,39.53,0.0077473,0.0021028,,,,,,,,
M-73018,71,17,R-Example2,p2,3,463.8,39.579,0.0077477,0.0021029,,,,,,,,
M-73018,71,17,R-Example2,p2,4,513.3,39.878,0.0077472,0.0021029,,,,,,,,
M-73018,71,17,R-Example2,p2,5,563,40.055,0.0077473,0.002103,,,,,,,,
M-73018,71,17,R-Example2,p2,6,612.8,39.903,0.0077475,0.0021028,,,,,,,,
M-73018,71,17,R-Example2,p2,7,1091.2,81.096,0.0077861,0.0021079,1.3,SIU-31,2.87E-08,6.10186,42.9469,0.003699,0.000388,0.002091
M-73019,72,USGS32,Cal,j3,1,125.4,39.785,0.0077486,0.002103,,,,,,,,
M-73019,72,USGS32,Cal,j3,2,165.1,40.067,0.0077481,0.0021028,,,,,,,,
M-73019,72,USGS32,Cal,j3,3,463.8,39.906,0.0077484,0.0021031,,,,,,,,
M-73019,72,USGS32,Cal,j3,4,512,39.983,0.0077485,0.0021032,,,,,,,,
M-73019,72,USGS32,Cal,j3,5,561.4,40.019,0.0077482,0.0021032,,,,,,,,
M-73019,72,USGS32,Cal,j3,6,613,39.847,0.0077475,0.0021028,,,,,,,,
M-73019,72,USGS32,Cal,j3,7,1090.6,122.604,0.0090351,0.0021601,1,,2.65E-08,175.3595,66.23126,0.004321,0.000393,0.002138
M-73020,73,USGS32,Cal,c1,1,125.4,39.859,0.007748,0.002103,,,,,,,,
M-73020,73,USGS32,Cal,c1,2,164.9,39.927,0.0077476,0.0021028,,,,,,,,
M-73020,73,USGS32,Cal,c1,3,463.8,39.804,0.007748,0.002103,,,,,,,,
M-73020,73,USGS32,Cal,c1,4,512,39.825,0.007748,0.0021029,,,,,,,,
M-73020,73,USGS32,Cal,c1,5,563,39.914,0.007748,0.002103,,,,,,,,
M-73020,73,USGS32,Cal,c1,6,613,39.817,0.0077475,0.0021028,,,,,,,,
M-73020,73,USGS32,Cal,c1,7,1090.1,124.276,0.0090375,0.00216,1,,2.75E-08,175.6873,66.1753,0.004322,0.000393,0.002138
M-73021,74,USGS35,Cal,a4,1,125.4,39.485,0.0077477,0.0021033,,,,,,,,
M-73021,74,USGS35,Cal,a4,2,165.1,39.611,0.0077474,0.0021033,,,,,,,,
M-73021,74,USGS35,Cal,a4,3,463.8,39.508,0.0077486,0.0021034,,,,,,,,
M-73021,74,USGS35,Cal,a4,4,513.3,39.464,0.0077481,0.002103,,,,,,,,
M-73021,74,USGS35,Cal,a4,5,563,39.512,0.0077482,0.0021031,,,,,,,,
M-73021,74,USGS35,Cal,a4,6,613,39.072,0.0077475,0.0021028,,,,,,,,
M-73021,74,USGS35,Cal,a4,7,1091,123.832,0.0077842,0.0022181,1,,4.56E-08,4.426241,97.88226,0.003693,0.000399,0.002201
M-73022,75,USGS35,Cal,o6,1,123.1,39.373,0.0077479,0.0021028,,,,,,,,
M-73022,75,USGS35,Cal,o6,2,165.1,39.528,0.0077474,0.0021025,,,,,,,,
M-73022,75,USGS35,Cal,o6,3,463.8,39.439,0.0077483,0.0021027,,,,,,,,
M-73022,75,USGS35,Cal,o6,4,513.3,39.494,0.0077482,0.0021029,,,,,,,,
M-73022,75,USGS35,Cal,o6,5,563,39.239,0.0077482,0.0021026,,,,,,,,
M-73022,75,USGS35,Cal,o6,6,610.7,39.412,0.0077475,0.0021028,,,,,,,,
M-73022,75,USGS35,Cal,o6,7,1090.1,125.387,0.0077837,0.0022177,1,,1.26E-07,4.364322,97.64365,0.003693,0.000399,0.002201
M-73023,76,USGS34,Cal,d2,1,124.4,39.484,0.0077482,0.0021031,,,,,,,,
M-73023,76,USGS34,Cal,d2,2,163.4,39.625,0.0077474,0.002103,,,,,,,,
M-73023,76,USGS34,Cal,d2,3,456.5,39.517,0.007748,0.0021032,,,,,,,,
M-73023,76,USGS34,Cal,d2,4,513.3,39.218,0.0077484,0.002103,,,,,,,,
M-73023,76,USGS34,Cal,d2,5,562.4,39.571,0.0077483,0.002103,,,,,,,,
M-73023,76,USGS34,Cal,d2,6,612.8,39.399,0.0077475,0.0021028,,,,,,,,
M-73023,76,USGS34,Cal,d2,7,1089.1,41.407,0.0077239,0.0020465,1,,1.76E-09,-1.55558,12.47589,0.003671,0.000382,0.00203
M-73024,77,USGS34,Cal,l5,1,125.4,39.564,0.0077482,0.0021031,,,,,,,,
M-73024,77,USGS34,Cal,l5,2,165.1,39.463,0.0077475,0.0021031,,,,,,,,
M-73024,77,USGS34,Cal,l5,3,463.8,39.167,0.0077484,0.0021031,,,,,,,,
M-73024,77,USGS34,Cal,l5,4,501.2,39.424,0.0077481,0.0021031,,,,,,,,
M-73024,77,USGS34,Cal,l5,5,563,39.446,0.0077476,0.0021028,,,,,,,,
M-73024,77,USGS34,Cal,l5,6,613,39.418,0.0077475,0.0021028,,,,,,,,
M-73024,77,USGS34,Cal,l5,7,1088.3,122.998,0.0077253,0.0020469,1,,3.89E-09,-1.37036,12.67142,0.003671,0.000382,0.002031
M-73025,78,Acros 1ml,HS-Drift,q8,1,125.4,39.235,0.0077486,0.0021034,,,,,,,,
M-73025,78,Acros 1ml,HS-Drift,q8,2,164.5,39.414,0.0077481,0.002103,,,,,,,,
M-73025,78,Acros 1ml,HS-Drift,q8,3,463.8,39.258,0.0077488,0.0021032,,,,,,,,
M-73025,78,Acros 1ml,HS-Drift,q8,4,513.3,39.367,0.0077485,0.0021032,,,,,,,,
M-73025,78,Acros 1ml,HS-Drift,q8,5,563.3,39.403,0.0077482,0.0021032,,,,,,,,
M-73025,78,Acros 1ml,HS-Drift,q8,6,612.8,39.252,0.0077475,0.0021028,,,,,,,,
M-73025,78,Acros 1ml,HS-Drift,q8,7,1089.5,179.739,0.007855,0.0021562,1,,5.20E-10,14.84992,66.89966,0.003731,0.000393,0.002139
M-73026,79,18,R-Example2,a8,1,125.4,39.206,0.0077479,0.0021029,,,,,,,,
M-73026,79,18,R-Example2,a8,2,161.8,39.326,0.0077478,0.0021029,,,,,,,,
M-73026,79,18,R-Example2,a8,3,463.8,39.385,0.0077485,0.002103,,,,,,,,
M-73026,79,18,R-Example2,a8,4,513.3,39.35,0.0077479,0.0021028,,,,,,,,
M-73026,79,18,R-Example2,a8,5,563,39.432,0.0077477,0.0021028,,,,,,,,
M-73026,79,18,R-Example2,a8,6,612.8,39.404,0.0077475,0.0021028,,,,,,,,
M-73026,79,18,R-Example2,a8,7,1086.4,335.636,0.0078488,0.0021217,1.3,SIU-32,2.02E-07,14.45514,49.61225,0.00373,0.00039,0.002105
M-73027,80,18 rep,R-Example2,h4,1,125.4,39.445,0.007748,0.0021031,,,,,,,,
M-73027,80,18 rep,R-Example2,h4,2,165.1,39.59,0.0077478,0.002103,,,,,,,,
M-73027,80,18 rep,R-Example2,h4,3,463.8,39.493,0.0077486,0.0021031,,,,,,,,
M-73027,80,18 rep,R-Example2,h4,4,513.3,39.467,0.0077478,0.002103,,,,,,,,
M-73027,80,18 rep,R-Example2,h4,5,563,39.536,0.007748,0.0021032,,,,,,,,
M-73027,80,18 rep,R-Example2,h4,6,613,39.292,0.0077475,0.0021028,,,,,,,,
M-73027,80,18 rep,R-Example2,h4,7,1086.8,339.79,0.0078487,0.0021217,1.3,SIU-32,2.02E-07,14.44154,49.61246,0.00373,0.00039,0.002105
M-73028,81,1,R-Example3,f8,1,123.7,39.316,0.0077477,0.0021029,,,,,,,,
M-73028,81,1,R-Example3,f8,2,165.1,39.42,0.0077474,0.0021028,,,,,,,,
M-73028,81,1,R-Example3,f8,3,463.8,39.32,0.0077485,0.002103,,,,,,,,
M-73028,81,1,R-Example3,f8,4,513.5,39.286,0.0077477,0.0021028,,,,,,,,
M-73028,81,1,R-Example3,f8,5,563.3,39.15,0.0077479,0.002103,,,,,,,,
M-73028,81,1,R-Example3,f8,6,610.1,39.159,0.0077475,0.0021028,,,,,,,,
M-73028,81,1,R-Example3,f8,7,1088.9,230.197,0.0076565,0.00208,0.26,WR305417,1.22E-07,-11.1647,29.25266,0.003635,0.000386,0.002064
M-73029,82,2,R-Example3,k1,1,125.4,39.173,0.007749,0.002103,,,,,,,,
M-73029,82,2,R-Example3,k1,2,165.1,39.269,0.0077485,0.0021027,,,,,,,,
M-73029,82,2,R-Example3,k1,3,463.8,39.258,0.0077491,0.002103,,,,,,,,
M-73029,82,2,R-Example3,k1,4,513.5,39.048,0.0077486,0.0021028,,,,,,,,
M-73029,82,2,R-Example3,k1,5,563.3,39.188,0.0077482,0.002103,,,,,,,,
M-73029,82,2,R-Example3,k1,6,611.1,39.062,0.0077475,0.0021028,,,,,,,,
M-73029,82,2,R-Example3,k1,7,1088.5,113.222,0.00775,0.0020974,1,WR305418,1.95E-10,1.326916,37.79976,0.003681,0.000387,0.002081
M-73030,83,3,R-Example3,a6,1,125.4,39.205,0.0077486,0.0021032,,,,,,,,
M-73030,83,3,R-Example3,a6,2,165.1,39.08,0.0077482,0.0021033,,,,,,,,
M-73030,83,3,R-Example3,a6,3,463.8,39.119,0.0077487,0.0021034,,,,,,,,
M-73030,83,3,R-Example3,a6,4,513.3,39.183,0.0077478,0.0021032,,,,,,,,
M-73030,83,3,R-Example3,a6,5,563.3,39.244,0.0077477,0.002103,,,,,,,,
M-73030,83,3,R-Example3,a6,6,613,39.194,0.0077475,0.0021028,,,,,,,,
M-73030,83,3,R-Example3,a6,7,1088.7,182.372,0.0077721,0.0020973,0.16,WR305419,1.37E-09,4.334988,37.70443,0.003692,0.000387,0.002081
M-73031,84,NewAcr,Check,i8,1,125.4,39.129,0.0077485,0.002103,,,,,,,,
M-73031,84,NewAcr,Check,i8,2,153,39.104,0.0077478,0.0021027,,,,,,,,
M-73031,84,NewAcr,Check,i8,3,463.8,39.032,0.0077487,0.0021031,,,,,,,,
M-73031,84,NewAcr,Check,i8,4,513.5,38.941,0.0077475,0.0021027,,,,,,,,
M-73031,84,NewAcr,Check,i8,5,559.7,39.05,0.0077476,0.0021028,,,,,,,,
M-73031,84,NewAcr,Check,i8,6,612.2,38.937,0.0077475,0.0021028,,,,,,,,
M-73031,84,NewAcr,Check,i8,7,1089.3,121.007,0.0081759,0.0021653,0.02,,1.66E-08,58.39242,70.75578,0.003891,0.000394,0.002147
M-73032,85,4,R-Example3,g4,1,125.4,38.958,0.0077473,0.0021028,,,,,,,,
M-73032,85,4,R-Example3,g4,2,165.1,39.079,0.0077472,0.0021027,,,,,,,,
M-73032,85,4,R-Example3,g4,3,463.8,39.129,0.0077488,0.0021032,,,,,,,,
M-73032,85,4,R-Example3,g4,4,513.3,39.106,0.0077485,0.0021032,,,,,,,,
M-73032,85,4,R-Example3,g4,5,563.3,39.113,0.0077478,0.0021031,,,,,,,,
M-73032,85,4,R-Example3,g4,6,613,39.046,0.0077475,0.0021028,,,,,,,,
M-73032,85,4,R-Example3,g4,7,1088.5,253.502,0.0076679,0.0020824,0.42,WR305420,7.88E-10,-9.64678,30.48695,0.003641,0.000386,0.002066
M-73033,86,5,R-Example3,k10,1,125.4,39.186,0.0077485,0.0021031,,,,,,,,
M-73033,86,5,R-Example3,k10,2,165.1,39.287,0.007748,0.0021029,,,,,,,,
M-73033,86,5,R-Example3,k10,3,463.8,39.284,0.0077491,0.0021034,,,,,,,,
M-73033,86,5,R-Example3,k10,4,513.3,39.312,0.0077486,0.0021033,,,,,,,,
M-73033,86,5,R-Example3,k10,5,561.2,39.315,0.0077481,0.0021031,,,,,,,,
M-73033,86,5,R-Example3,k10,6,613,39.036,0.0077475,0.0021028,,,,,,,,
M-73033,86,5,R-Example3,k10,7,1088.9,118.883,0.007775,0.0020918,0.56,WR305421,4.05E-09,4.801424,34.9552,0.003694,0.000387,0.002075
M-73034,87,6,R-Example3,p9,1,125.4,39.432,0.007749,0.0021032,,,,,,,,
M-73034,87,6,R-Example3,p9,2,165.1,39.537,0.0077489,0.0021032,,,,,,,,
M-73034,87,6,R-Example3,p9,3,463.8,39.5,0.0077486,0.0021032,,,,,,,,
M-73034,87,6,R-Example3,p9,4,512.7,39.495,0.0077482,0.002103,,,,,,,,
M-73034,87,6,R-Example3,p9,5,563.3,39.42,0.0077476,0.002103,,,,,,,,
M-73034,87,6,R-Example3,p9,6,613,39.454,0.0077475,0.0021028,,,,,,,,
M-73034,87,6,R-Example3,p9,7,1089.7,120.157,0.0077499,0.0020973,1,WR305422,2.46E-10,1.314617,37.75008,0.003681,0.000387,0.002081
M-73035,88,6 rep,R-Example3,f6,1,125.2,39.268,0.0077479,0.0021032,,,,,,,,
M-73035,88,6 rep,R-Example3,f6,2,165.1,39.432,0.0077477,0.0021029,,,,,,,,
M-73035,88,6 rep,R-Example3,f6,3,463.8,39.53,0.0077482,0.0021031,,,,,,,,
M-73035,88,6 rep,R-Example3,f6,4,513.3,39.567,0.0077481,0.0021028,,,,,,,,
M-73035,88,6 rep,R-Example3,f6,5,563.3,39.581,0.007748,0.002103,,,,,,,,
M-73035,88,6 rep,R-Example3,f6,6,613,39.49,0.0077475,0.0021028,,,,,,,,
M-73035,88,6 rep,R-Example3,f6,7,1089.3,118.81,0.0077522,0.0020975,1,WR305422,2.25E-09,1.624952,37.84413,0.003682,0.000387,0.002081
M-73036,89,7,R-Example3,a10,1,125.4,39.443,0.0077478,0.0021029,,,,,,,,
M-73036,89,7,R-Example3,a10,2,165.1,39.527,0.0077477,0.0021029,,,,,,,,
M-73036,89,7,R-Example3,a10,3,461.5,39.389,0.0077484,0.002103,,,,,,,,
M-73036,89,7,R-Example3,a10,4,513.5,39.431,0.0077474,0.0021029,,,,,,,,
M-73036,89,7,R-Example3,a10,5,560.3,39.544,0.0077474,0.0021028,,,,,,,,
M-73036,89,7,R-Example3,a10,6,613,39.414,0.0077475,0.0021028,,,,,,,,
M-73036,89,7,R-Example3,a10,7,1091.4,154.153,0.0077519,0.0020885,1,WR305423,2.60E-07,1.705121,33.22926,0.003683,0.000386,0.002072
M-73037,90,N3 70uM,Lin,m3,1,125.4,39.452,0.0077483,0.0021032,,,,,,,,
M-73037,90,N3 70uM,Lin,m3,2,165.1,39.555,0.0077477,0.0021028,,,,,,,,
M-73037,90,N3 70uM,Lin,m3,3,463.8,39.475,0.0077482,0.002103,,,,,,,,
M-73037,90,N3 70uM,Lin,m3,4,510,39.373,0.0077478,0.002103,,,,,,,,
M-73037,90,N3 70uM,Lin,m3,5,563.3,39.5,0.007748,0.002103,,,,,,,,
M-73037,90,N3 70uM,Lin,m3,6,613,39.403,0.0077475,0.0021028,,,,,,,,
M-73037,90,N3 70uM,Lin,m3,7,1088.3,252.155,0.0077865,0.0021588,1,,2.38E-07,5.499952,68.2175,0.003697,0.000393,0.002142
M-73038,91,N3 50uM,Lin,k8,1,125.4,39.419,0.0077482,0.0021027,,,,,,,,
M-73038,91,N3 50uM,Lin,k8,2,163.9,39.616,0.0077479,0.0021028,,,,,,,,
M-73038,91,N3 50uM,Lin,k8,3,462.7,39.581,0.0077486,0.002103,,,,,,,,
M-73038,91,N3 50uM,Lin,k8,4,513.5,39.596,0.0077484,0.0021029,,,,,,,,
M-73038,91,N3 50uM,Lin,k8,5,563.3,39.608,0.0077481,0.0021029,,,,,,,,
M-73038,91,N3 50uM,Lin,k8,6,613,39.466,0.0077475,0.0021028,,,,,,,,
M-73038,91,N3 50uM,Lin,k8,7,1088.5,179.703,0.0077848,0.0021543,1,,2.86E-08,5.323919,66.08215,0.003696,0.000393,0.002138
M-73039,92,N3 35uM,Lin,c4,1,125.4,39.399,0.0077479,0.002103,,,,,,,,
M-73039,92,N3 35uM,Lin,c4,2,162.2,39.65,0.0077481,0.0021031,,,,,,,,
M-73039,92,N3 35uM,Lin,c4,3,463.8,39.561,0.0077494,0.0021032,,,,,,,,
M-73039,92,N3 35uM,Lin,c4,4,513.5,39.491,0.0077484,0.0021029,,,,,,,,
M-73039,92,N3 35uM,Lin,c4,5,563.3,39.529,0.0077484,0.0021028,,,,,,,,
M-73039,92,N3 35uM,Lin,c4,6,613,39.364,0.0077475,0.0021028,,,,,,,,
M-73039,92,N3 35uM,Lin,c4,7,1088.9,125.078,0.0077835,0.0021544,1,,2.80E-08,5.145756,66.13494,0.003695,0.000393,0.002138
M-73040,93,N3 25uM,Lin,o8,1,125.4,39.351,0.0077474,0.0021031,,,,,,,,
M-73040,93,N3 25uM,Lin,o8,2,165.1,39.459,0.0077471,0.0021028,,,,,,,,
M-73040,93,N3 25uM,Lin,o8,3,463.8,39.446,0.007749,0.0021032,,,,,,,,
M-73040,93,N3 25uM,Lin,o8,4,513.3,39.431,0.0077485,0.002103,,,,,,,,
M-73040,93,N3 25uM,Lin,o8,5,563,39.331,0.0077482,0.0021031,,,,,,,,
M-73040,93,N3 25uM,Lin,o8,6,613,39.374,0.0077475,0.0021028,,,,,,,,
M-73040,93,N3 25uM,Lin,o8,7,1088.7,87.331,0.0077818,0.0021533,1,,9.19E-09,4.928401,65.59938,0.003695,0.000393,0.002137
M-73041,94,N3 10uM,Lin,k2,1,125.4,39.316,0.0077481,0.0021031,,,,,,,,
M-73041,94,N3 10uM,Lin,k2,2,165.1,39.451,0.0077479,0.002103,,,,,,,,
M-73041,94,N3 10uM,Lin,k2,3,463.8,39.361,0.0077481,0.0021032,,,,,,,,
M-73041,94,N3 10uM,Lin,k2,4,513.5,39.462,0.0077482,0.0021031,,,,,,,,
M-73041,94,N3 10uM,Lin,k2,5,563.3,39.58,0.0077485,0.0021032,,,,,,,,
M-73041,94,N3 10uM,Lin,k2,6,613,39.493,0.0077475,0.0021028,,,,,,,,
M-73041,94,N3 10uM,Lin,k2,7,1090.4,34.401,0.0077804,0.0021542,1,,2.89E-08,4.726585,66.04109,0.003694,0.000393,0.002138
M-73042,95,N3 7uM,Lin,a1,1,125.4,39.425,0.0077493,0.0021032,,,,,,,,
M-73042,95,N3 7uM,Lin,a1,2,163.4,39.491,0.0077489,0.0021031,,,,,,,,
M-73042,95,N3 7uM,Lin,a1,3,463.8,39.489,0.007749,0.0021032,,,,,,,,
M-73042,95,N3 7uM,Lin,a1,4,511.4,39.597,0.0077483,0.0021031,,,,,,,,
M-73042,95,N3 7uM,Lin,a1,5,563.3,39.623,0.0077483,0.002103,,,,,,,,
M-73042,95,N3 7uM,Lin,a1,6,613,39.493,0.0077475,0.0021028,,,,,,,,
M-73042,95,N3 7uM,Lin,a1,7,1089.1,24.4,0.0077809,0.0021545,1,,2.72E-08,4.790723,66.19048,0.003694,0.000393,0.002138
M-73043,96,N3 6uM,Lin,n1,1,125.4,39.542,0.007749,0.0021032,,,,,,,,
M-73043,96,N3 6uM,Lin,n1,2,165.1,39.687,0.0077481,0.002103,,,,,,,,
M-73043,96,N3 6uM,Lin,n1,3,463.8,39.767,0.0077485,0.0021031,,,,,,,,
M-73043,96,N3 6uM,Lin,n1,4,513.5,39.744,0.0077481,0.002103,,,,,,,,
M-73043,96,N3 6uM,Lin,n1,5,563.3,39.774,0.0077477,0.0021029,,,,,,,,
M-73043,96,N3 6uM,Lin,n1,6,613,39.659,0.0077475,0.0021028,,,,,,,,
M-73043,96,N3 6uM,Lin,n1,7,1090.4,20.288,0.0077837,0.0021543,1,,2.85E-08,5.174262,66.0844,0.003696,0.000393,0.002138
M-73044,97,N3 5uM,Lin,j7,1,125.4,39.432,0.0077486,0.0021033,,,,,,,,
M-73044,97,N3 5uM,Lin,j7,2,164.3,39.543,0.0077479,0.0021029,,,,,,,,
M-73044,97,N3 5uM,Lin,j7,3,463.8,39.484,0.0077489,0.0021033,,,,,,,,
M-73044,97,N3 5uM,Lin,j7,4,513.3,39.45,0.007748,0.002103,,,,,,,,
M-73044,97,N3 5uM,Lin,j7,5,561.4,39.52,0.0077479,0.002103,,,,,,,,
M-73044,97,N3 5uM,Lin,j7,6,613,39.429,0.0077475,0.0021028,,,,,,,,
M-73044,97,N3 5uM,Lin,j7,7,1089.5,17.985,0.0077823,0.0021527,1,,1.36E-08,5.004218,65.29703,0.003695,0.000393,0.002136
M-73045,98,N3 4uM,Lin,g3,1,124.1,39.344,0.0077482,0.0021032,,,,,,,,
M-73045,98,N3 4uM,Lin,g3,2,165.1,39.557,0.007748,0.002103,,,,,,,,
M-73045,98,N3 4uM,Lin,g3,3,461.7,39.454,0.0077486,0.0021033,,,,,,,,
M-73045,98,N3 4uM,Lin,g3,4,511.8,39.463,0.0077479,0.0021032,,,,,,,,
M-73045,98,N3 4uM,Lin,g3,5,563.3,39.499,0.0077483,0.002103,,,,,,,,
M-73045,98,N3 4uM,Lin,g3,6,613,39.341,0.0077475,0.0021028,,,,,,,,
M-73045,98,N3 4uM,Lin,g3,7,1089.3,14.059,0.0077833,0.0021525,1,,4.22E-09,5.142726,65.19996,0.003695,0.000392,0.002136
M-73046,99,N3 2uM,Lin,p5,1,125.4,39.277,0.0077479,0.0021032,,,,,,,,
M-73046,99,N3 2uM,Lin,p5,2,165.1,39.439,0.0077475,0.0021032,,,,,,,,
M-73046,99,N3 2uM,Lin,p5,3,463.8,39.42,0.0077479,0.0021031,,,,,,,,
M-73046,99,N3 2uM,Lin,p5,4,512,39.439,0.0077477,0.0021032,,,,,,,,
M-73046,99,N3 2uM,Lin,p5,5,563.3,39.454,0.0077481,0.0021031,,,,,,,,
M-73046,99,N3 2uM,Lin,p5,6,613,39.322,0.0077475,0.0021028,,,,,,,,
M-73046,99,N3 2uM,Lin,p5,7,1089.1,7.243,0.0077867,0.0021529,1,,2.54E-09,5.600124,65.39329,0.003697,0.000393,0.002136
M-73047,100,Acros 1ml,HS-Drift,e2,1,125.4,39.313,0.007749,0.0021032,,,,,,,,
M-73047,100,Acros 1ml,HS-Drift,e2,2,165.1,39.482,0.0077485,0.0021029,,,,,,,,
M-73047,100,Acros 1ml,HS-Drift,e2,3,463.8,39.462,0.0077483,0.0021031,,,,,,,,
M-73047,100,Acros 1ml,HS-Drift,e2,4,511.4,39.51,0.0077476,0.0021031,,,,,,,,
M-73047,100,Acros 1ml,HS-Drift,e2,5,562.8,39.547,0.0077475,0.0021029,,,,,,,,
M-73047,100,Acros 1ml,HS-Drift,e2,6,611.5,39.491,0.0077475,0.0021028,,,,,,,,
M-73047,100,Acros 1ml,HS-Drift,e2,7,1087.6,179.038,0.0078551,0.0021557,1,,1.12E-08,14.8701,66.64487,0.003731,0.000393,0.002139
M-73048,101,8,R-Example3,m4,1,125.4,39.488,0.0077494,0.0021037,,,,,,,,
M-73048,101,8,R-Example3,m4,2,165.1,39.617,0.0077488,0.0021035,,,,,,,,
M-73048,101,8,R-Example3,m4,3,463.8,39.604,0.0077497,0.0021037,,,,,,,,
M-73048,101,8,R-Example3,m4,4,513.3,39.556,0.0077489,0.0021035,,,,,,,,
M-73048,101,8,R-Example3,m4,5,563.3,39.619,0.0077486,0.0021034,,,,,,,,
M-73048,101,8,R-Example3,m4,6,613,39.418,0.0077475,0.0021028,,,,,,,,
M-73048,101,8,R-Example3,m4,7,1088.1,119.703,0.0077596,0.0020878,1.3,WR305424,1.83E-07,2.760872,32.90311,0.003687,0.000386,0.002071
M-73049,102,9,R-Example3,o9,1,125.4,39.446,0.007748,0.0021029,,,,,,,,
M-73049,102,9,R-Example3,o9,2,164.5,39.642,0.0077476,0.0021028,,,,,,,,
M-73049,102,9,R-Example3,o9,3,463.8,39.477,0.0077483,0.002103,,,,,,,,
M-73049,102,9,R-Example3,o9,4,513.5,39.484,0.0077475,0.0021029,,,,,,,,
M-73049,102,9,R-Example3,o9,5,562.8,39.455,0.0077475,0.0021027,,,,,,,,
M-73049,102,9,R-Example3,o9,6,613,39.469,0.0077475,0.0021028,,,,,,,,
M-73049,102,9,R-Example3,o9,7,1089.9,3.053,0.0078476,0.002143,2,WR305425,9.47E-09,14.01353,60.3296,0.003728,0.000392,0.002126
M-73050,103,10,R-Example3,j6,1,125.4,39.371,0.0077483,0.0021031,,,,,,,,
M-73050,103,10,R-Example3,j6,2,165.1,39.554,0.0077475,0.002103,,,,,,,,
M-73050,103,10,R-Example3,j6,3,463.8,39.49,0.0077478,0.0021031,,,,,,,,
M-73050,103,10,R-Example3,j6,4,513.5,39.482,0.0077479,0.0021031,,,,,,,,
M-73050,103,10,R-Example3,j6,5,563.3,39.482,0.0077473,0.0021029,,,,,,,,
M-73050,103,10,R-Example3,j6,6,611.3,39.464,0.0077475,0.0021028,,,,,,,,
M-73050,103,10,R-Example3,j6,7,1087.4,3.187,0.0078568,0.0021429,2,WR305426,1.70E-09,15.2664,60.26471,0.003733,0.000392,0.002126
M-73051,104,10 rep,R-Example3,c2,1,125.4,39.418,0.0077495,0.0021033,,,,,,,,
M-73051,104,10 rep,R-Example3,c2,2,165.1,39.662,0.0077488,0.0021031,,,,,,,,
M-73051,104,10 rep,R-Example3,c2,3,463.8,39.542,0.0077489,0.0021033,,,,,,,,
M-73051,104,10 rep,R-Example3,c2,4,513.5,39.487,0.0077485,0.002103,,,,,,,,
M-73051,104,10 rep,R-Example3,c2,5,563.3,39.627,0.0077485,0.0021032,,,,,,,,
M-73051,104,10 rep,R-Example3,c2,6,613,39.524,0.0077475,0.0021028,,,,,,,,
M-73051,104,10 rep,R-Example3,c2,7,1088.7,3.118,0.0078751,0.0021444,2,WR305426,3.92E-09,17.73681,60.97376,0.003742,0.000392,0.002127
M-73052,105,11,R-Example3,g2,1,125.4,39.468,0.0077477,0.0021033,,,,,,,,
M-73052,105,11,R-Example3,g2,2,165.1,39.669,0.007748,0.0021031,,,,,,,,
M-73052,105,11,R-Example3,g2,3,463.8,39.58,0.0077484,0.0021032,,,,,,,,
M-73052,105,11,R-Example3,g2,4,513.5,39.584,0.0077478,0.0021031,,,,,,,,
M-73052,105,11,R-Example3,g2,5,563.3,39.566,0.0077472,0.002103,,,,,,,,
M-73052,105,11,R-Example3,g2,6,613,39.489,0.0077475,0.0021028,,,,,,,,
M-73052,105,11,R-Example3,g2,7,1089.1,108.066,0.0078859,0.0021134,0.09,WR305443,2.18E-08,19.60822,45.48773,0.003749,0.000389,0.002096
M-73053,106,12,R-Example3,m9,1,125.4,39.508,0.0077482,0.0021031,,,,,,,,
M-73053,106,12,R-Example3,m9,2,165.1,39.62,0.0077477,0.0021029,,,,,,,,
M-73053,106,12,R-Example3,m9,3,463.8,39.528,0.0077479,0.0021032,,,,,,,,
M-73053,106,12,R-Example3,m9,4,513.5,39.438,0.007748,0.0021029,,,,,,,,
M-73053,106,12,R-Example3,m9,5,563.3,39.54,0.007748,0.0021032,,,,,,,,
M-73053,106,12,R-Example3,m9,6,613,39.294,0.0077475,0.0021028,,,,,,,,
M-73053,106,12,R-Example3,m9,7,1089.7,114.635,0.0078811,0.0021282,0.09,WR305446,1.18E-08,18.76285,52.88102,0.003745,0.00039,0.002111
M-73054,107,Fisher,Check,f10,1,125.4,39.643,0.0077479,0.0021031,,,,,,,,
M-73054,107,Fisher,Check,f10,2,165.1,39.601,0.0077474,0.0021028,,,,,,,,
M-73054,107,Fisher,Check,f10,3,463.8,39.546,0.0077483,0.0021032,,,,,,,,
M-73054,107,Fisher,Check,f10,4,513.5,39.535,0.0077484,0.0021032,,,,,,,,
M-73054,107,Fisher,Check,f10,5,563.3,39.627,0.0077484,0.0021034,,,,,,,,
M-73054,107,Fisher,Check,f10,6,613,39.407,0.0077475,0.0021028,,,,,,,,
M-73054,107,Fisher,Check,f10,7,1089.3,146.236,0.0077182,0.0021488,1,,2.73E-08,-3.66621,63.47598,0.003663,0.000392,0.002132
M-73055,108,13,R-Example3,h1,1,125.4,39.546,0.0077496,0.0021033,,,,,,,,
M-73055,108,13,R-Example3,h1,2,165.3,39.619,0.0077488,0.0021029,,,,,,,,
M-73055,108,13,R-Example3,h1,3,463.8,39.733,0.0077499,0.0021035,,,,,,,,
M-73055,108,13,R-Example3,h1,4,513.5,39.601,0.007749,0.002103,,,,,,,,
M-73055,108,13,R-Example3,h1,5,563.3,39.747,0.0077485,0.0021031,,,,,,,,
M-73055,108,13,R-Example3,h1,6,613,39.559,0.0077475,0.0021028,,,,,,,,
M-73055,108,13,R-Example3,h1,7,1089.1,106.165,0.0078906,0.0021153,0.54,WR305448,1.05E-08,20.22281,46.43087,0.003751,0.000389,0.002098
M-73056,109,14,R-Example3,j8,1,125.4,39.692,0.0077477,0.0021029,,,,,,,,
M-73056,109,14,R-Example3,j8,2,165.1,39.784,0.0077473,0.002103,,,,,,,,
M-73056,109,14,R-Example3,j8,3,463.8,39.716,0.0077478,0.0021029,,,,,,,,
M-73056,109,14,R-Example3,j8,4,513.3,39.68,0.0077479,0.0021028,,,,,,,,
M-73056,109,14,R-Example3,j8,5,563.3,39.753,0.0077475,0.0021028,,,,,,,,
M-73056,109,14,R-Example3,j8,6,613,39.634,0.0077475,0.0021028,,,,,,,,
M-73056,109,14,R-Example3,j8,7,1088.9,3.836,0.007844,0.0021427,2,WR305449,8.07E-10,13.52751,60.19175,0.003726,0.000392,0.002126
M-73057,110,15,R-Example3,h10,1,125.2,39.483,0.0077483,0.0021032,,,,,,,,
M-73057,110,15,R-Example3,h10,2,165.1,39.673,0.0077482,0.002103,,,,,,,,
M-73057,110,15,R-Example3,h10,3,463.8,39.556,0.0077485,0.0021032,,,,,,,,
M-73057,110,15,R-Example3,h10,4,513.3,39.593,0.0077483,0.0021031,,,,,,,,
M-73057,110,15,R-Example3,h10,5,563.3,39.632,0.0077478,0.0021029,,,,,,,,
M-73057,110,15,R-Example3,h10,6,613,39.566,0.0077475,0.0021028,,,,,,,,
M-73057,110,15,R-Example3,h10,7,1088.9,3.484,0.0078381,0.002138,2,WR305450,1.36E-07,12.7873,57.7934,0.003724,0.000391,0.002121
M-73058,111,16,R-Example3,l2,1,125.4,39.496,0.0077488,0.0021033,,,,,,,,
M-73058,111,16,R-Example3,l2,2,165.1,39.687,0.0077483,0.0021032,,,,,,,,
M-73058,111,16,R-Example3,l2,3,463.8,39.591,0.0077484,0.0021031,,,,,,,,
M-73058,111,16,R-Example3,l2,4,513.5,39.643,0.0077482,0.002103,,,,,,,,
M-73058,111,16,R-Example3,l2,5,563.3,39.734,0.0077477,0.002103,,,,,,,,
M-73058,111,16,R-Example3,l2,6,612.8,39.597,0.0077475,0.0021028,,,,,,,,
M-73058,111,16,R-Example3,l2,7,1087.4,4.15,0.0078735,0.0021516,2,WR305451,5.84E-08,17.42691,64.53942,0.003741,0.000392,0.002135
M-73059,112,17,R-Example3,b7,1,125.4,39.656,0.0077484,0.0021031,,,,,,,,
M-73059,112,17,R-Example3,b7,2,163,39.696,0.0077476,0.0021029,,,,,,,,
M-73059,112,17,R-Example3,b7,3,463.8,39.65,0.0077482,0.0021032,,,,,,,,
M-73059,112,17,R-Example3,b7,4,513.3,39.71,0.0077482,0.0021033,,,,,,,,
M-73059,112,17,R-Example3,b7,5,563.3,39.739,0.0077479,0.0021031,,,,,,,,
M-73059,112,17,R-Example3,b7,6,613,39.606,0.0077475,0.0021028,,,,,,,,
M-73059,112,17,R-Example3,b7,7,1088.9,113.163,0.0077768,0.0020904,2,WR305444,4.65E-07,5.070652,34.02365,0.003695,0.000387,0.002073
M-73060,113,Acros 0-02ml,HS,i4,1,125.4,39.727,0.0077481,0.0021032,,,,,,,,
M-73060,113,Acros 0-02ml,HS,i4,2,165.1,39.801,0.0077483,0.0021032,,,,,,,,
M-73060,113,Acros 0-02ml,HS,i4,3,463.8,39.798,0.0077484,0.0021032,,,,,,,,
M-73060,113,Acros 0-02ml,HS,i4,4,513.5,39.804,0.007748,0.0021031,,,,,,,,
M-73060,113,Acros 0-02ml,HS,i4,5,563.3,39.873,0.0077479,0.0021029,,,,,,,,
M-73060,113,Acros 0-02ml,HS,i4,6,613,39.81,0.0077475,0.0021028,,,,,,,,
M-73060,113,Acros 0-02ml,HS,i4,7,1086.6,186.185,0.0078557,0.0021554,0.02,,1.90E-08,14.9557,66.49017,0.003731,0.000393,0.002139
M-73061,114,Acros 0-1ml,HS,l10,1,125.4,39.759,0.0077485,0.0021028,,,,,,,,
M-73061,114,Acros 0-1ml,HS,l10,2,165.1,39.913,0.0077483,0.0021029,,,,,,,,
M-73061,114,Acros 0-1ml,HS,l10,3,463.8,39.799,0.0077486,0.0021032,,,,,,,,
M-73061,114,Acros 0-1ml,HS,l10,4,513.5,39.815,0.0077483,0.0021029,,,,,,,,
M-73061,114,Acros 0-1ml,HS,l10,5,561.4,39.869,0.0077477,0.0021027,,,,,,,,
M-73061,114,Acros 0-1ml,HS,l10,6,613,39.731,0.0077475,0.0021028,,,,,,,,
M-73061,114,Acros 0-1ml,HS,l10,7,1089.1,185.138,0.0078551,0.0021553,0.1,,2.09E-08,14.87538,66.4406,0.003731,0.000393,0.002138
M-73062,115,Acros 0-5ml,HS,f1,1,125.4,39.693,0.0077477,0.002103,,,,,,,,
M-73062,115,Acros 0-5ml,HS,f1,2,165.1,39.859,0.0077475,0.0021029,,,,,,,,
M-73062,115,Acros 0-5ml,HS,f1,3,463.8,39.74,0.0077485,0.0021029,,,,,,,,
M-73062,115,Acros 0-5ml,HS,f1,4,513.5,39.715,0.0077481,0.002103,,,,,,,,
M-73062,115,Acros 0-5ml,HS,f1,5,563.3,39.778,0.0077484,0.002103,,,,,,,,
M-73062,115,Acros 0-5ml,HS,f1,6,613,39.622,0.0077475,0.0021028,,,,,,,,
M-73062,115,Acros 0-5ml,HS,f1,7,1089.1,178.359,0.007856,0.0021557,0.5,,1.13E-08,14.99255,66.64296,0.003732,0.000393,0.002139
M-73063,116,Acros 2ml,HS,b3,1,125.4,39.781,0.0077479,0.0021032,,,,,,,,
M-73063,116,Acros 2ml,HS,b3,2,165.1,39.938,0.0077481,0.002103,,,,,,,,
M-73063,116,Acros 2ml,HS,b3,3,463.8,39.862,0.0077481,0.002103,,,,,,,,
M-73063,116,Acros 2ml,HS,b3,4,513.5,39.866,0.0077478,0.002103,,,,,,,,
M-73063,116,Acros 2ml,HS,b3,5,563.3,39.824,0.0077476,0.0021029,,,,,,,,
M-73063,116,Acros 2ml,HS,b3,6,613,39.802,0.0077475,0.0021028,,,,,,,,
M-73063,116,Acros 2ml,HS,b3,7,1088.7,174.679,0.0078556,0.0021559,2,,4.13E-09,14.93546,66.74706,0.003731,0.000393,0.002139
M-73064,117,18,R-Example3,l6,1,124.6,39.757,0.0077481,0.0021031,,,,,,,,
M-73064,117,18,R-Example3,l6,2,165.1,39.914,0.007748,0.002103,,,,,,,,
M-73064,117,18,R-Example3,l6,3,463.8,39.77,0.0077487,0.0021031,,,,,,,,
M-73064,117,18,R-Example3,l6,4,513.5,39.815,0.0077478,0.0021029,,,,,,,,
M-73064,117,18,R-Example3,l6,5,563.3,39.856,0.0077478,0.0021029,,,,,,,,
M-73064,117,18,R-Example3,l6,6,610.1,39.766,0.0077475,0.0021028,,,,,,,,
M-73064,117,18,R-Example3,l6,7,1088.5,10.335,0.0077921,0.002123,2,WR305445,2.09E-07,6.724209,50.37257,0.003701,0.00039,0.002106
M-73065,118,19,R-Example3,e3,1,125.4,39.596,0.0077484,0.0021032,,,,,,,,
M-73065,118,19,R-Example3,e3,2,164.5,39.774,0.0077478,0.0021032,,,,,,,,
M-73065,118,19,R-Example3,e3,3,463.8,39.594,0.0077485,0.0021032,,,,,,,,
M-73065,118,19,R-Example3,e3,4,513.3,39.758,0.0077485,0.0021032,,,,,,,,
M-73065,118,19,R-Example3,e3,5,562.6,39.877,0.007748,0.0021031,,,,,,,,
M-73065,118,19,R-Example3,e3,6,612.4,39.661,0.0077475,0.0021028,,,,,,,,
M-73065,118,19,R-Example3,e3,7,1089.9,8.637,0.0077983,0.0021412,2,WR305447,2.92E-07,7.333078,59.39229,0.003703,0.000391,0.002124
M-73066,119,20,R-Example3,j4,1,124.4,39.774,0.0077489,0.0021035,,,,,,,,
M-73066,119,20,R-Example3,j4,2,164.3,39.815,0.007748,0.0021031,,,,,,,,
M-73066,119,20,R-Example3,j4,3,463.8,39.813,0.0077489,0.0021033,,,,,,,,
M-73066,119,20,R-Example3,j4,4,513.5,39.794,0.0077483,0.0021032,,,,,,,,
M-73066,119,20,R-Example3,j4,5,561.2,39.803,0.0077479,0.002103,,,,,,,,
M-73066,119,20,R-Example3,j4,6,613,39.709,0.0077475,0.0021028,,,,,,,,
M-73066,119,20,R-Example3,j4,7,1090.8,103.519,0.0078455,0.0021089,0.16,WR305532,2.68E-08,14.17032,43.3249,0.003729,0.000388,0.002092
M-73067,120,20 rep,R-Example3,b1,1,125.4,40.081,0.0077488,0.0021029,,,,,,,,
M-73067,120,20 rep,R-Example3,b1,2,165.1,40.339,0.0077483,0.0021029,,,,,,,,
M-73067,120,20 rep,R-Example3,b1,3,463.1,40.401,0.0077488,0.0021031,,,,,,,,
M-73067,120,20 rep,R-Example3,b1,4,513.3,40.291,0.0077479,0.0021032,,,,,,,,
M-73067,120,20 rep,R-Example3,b1,5,563,40.401,0.0077481,0.0021028,,,,,,,,
M-73067,120,20 rep,R-Example3,b1,6,613,40.203,0.0077475,0.0021028,,,,,,,,
M-73067,120,20 rep,R-Example3,b1,7,1089.9,107.66,0.0078454,0.002109,0.16,WR305532,6.18E-08,14.15587,43.35752,0.003729,0.000388,0.002092
M-73068,121,21,R-Example3,l9,1,125.4,40.072,0.0077477,0.0021032,,,,,,,,
M-73068,121,21,R-Example3,l9,2,165.1,40.424,0.007748,0.0021032,,,,,,,,
M-73068,121,21,R-Example3,l9,3,463.8,40.144,0.0077488,0.0021033,,,,,,,,
M-73068,121,21,R-Example3,l9,4,513.5,40.249,0.0077482,0.0021032,,,,,,,,
M-73068,121,21,R-Example3,l9,5,563.3,40.226,0.0077479,0.002103,,,,,,,,
M-73068,121,21,R-Example3,l9,6,613.2,40.406,0.0077475,0.0021028,,,,,,,,
M-73068,121,21,R-Example3,l9,7,1090.8,118.683,0.0078534,0.0021041,0.09,WR305533,4.55E-08,15.30792,40.90636,0.003733,0.000388,0.002087
M-73069,122,Strem,Check,i1,1,125.4,39.961,0.0077481,0.0021028,,,,,,,,
M-73069,122,Strem,Check,i1,2,165.1,40.084,0.0077476,0.0021028,,,,,,,,
M-73069,122,Strem,Check,i1,3,463.8,40.005,0.0077485,0.0021032,,,,,,,,
M-73069,122,Strem,Check,i1,4,502,40.068,0.0077482,0.0021032,,,,,,,,
M-73069,122,Strem,Check,i1,5,563.3,40.235,0.0077478,0.002103,,,,,,,,
M-73069,122,Strem,Check,i1,6,613,39.948,0.0077475,0.0021028,,,,,,,,
M-73069,122,Strem,Check,i1,7,1089.3,50.968,0.0077234,0.0021507,2,,4.79E-08,-2.98298,64.40243,0.003666,0.000392,0.002134
M-73070,123,22,R-Example3,e6,1,125.4,40.02,0.0077487,0.0021032,,,,,,,,
M-73070,123,22,R-Example3,e6,2,165.1,40.188,0.0077483,0.0021031,,,,,,,,
M-73070,123,22,R-Example3,e6,3,463.8,40.115,0.0077492,0.0021033,,,,,,,,
M-73070,123,22,R-Example3,e6,4,512.3,40.253,0.0077484,0.0021032,,,,,,,,
M-73070,123,22,R-Example3,e6,5,563.3,40.085,0.0077478,0.0021031,,,,,,,,
M-73070,123,22,R-Example3,e6,6,608.2,40.031,0.0077475,0.0021028,,,,,,,,
M-73070,123,22,R-Example3,e6,7,1089.3,106.783,0.0078609,0.002092,2,WR305534,4.02E-11,16.48567,34.88123,0.003737,0.000387,0.002075
M-73071,124,23,R-Example3,n2,1,125.4,40.143,0.0077484,0.0021029,,,,,,,,
M-73071,124,23,R-Example3,n2,2,165.3,40.615,0.0077482,0.0021027,,,,,,,,
M-73071,124,23,R-Example3,n2,3,463.8,40.364,0.0077486,0.0021032,,,,,,,,
M-73071,124,23,R-Example3,n2,4,513.3,40.176,0.0077485,0.002103,,,,,,,,
M-73071,124,23,R-Example3,n2,5,563,40.273,0.0077484,0.0021031,,,,,,,,
M-73071,124,23,R-Example3,n2,6,613,40.068,0.0077475,0.0021028,,,,,,,,
M-73071,124,23,R-Example3,n2,7,1089.9,91.712,0.0078652,0.0021206,0.12,WR305536,1.88E-07,16.70051,49.03707,0.003738,0.000389,0.002104
M-73072,125,24,R-Example3,h7,1,125.4,40.062,0.007748,0.0021032,,,,,,,,
M-73072,125,24,R-Example3,h7,2,165.1,40.14,0.0077479,0.002103,,,,,,,,
M-73072,125,24,R-Example3,h7,3,463.8,39.996,0.0077483,0.0021032,,,,,,,,
M-73072,125,24,R-Example3,h7,4,513.5,39.939,0.0077483,0.0021032,,,,,,,,
M-73072,125,24,R-Example3,h7,5,563.3,40.052,0.0077477,0.002103,,,,,,,,
M-73072,125,24,R-Example3,h7,6,613,39.943,0.0077475,0.0021028,,,,,,,,
M-73072,125,24,R-Example3,h7,7,1089.9,41.371,0.0079215,0.0021261,0.14,WR305537,4.04E-08,24.28698,51.73636,0.003766,0.00039,0.002109
M-73073,126,25,R-Example3,f5,1,125.4,39.992,0.0077491,0.002103,,,,,,,,
M-73073,126,25,R-Example3,f5,2,164.9,40.214,0.0077491,0.0021031,,,,,,,,
M-73073,126,25,R-Example3,f5,3,462.5,40.131,0.0077485,0.0021032,,,,,,,,
M-73073,126,25,R-Example3,f5,4,513.5,40.117,0.0077481,0.002103,,,,,,,,
M-73073,126,25,R-Example3,f5,5,563.3,40.209,0.0077476,0.0021028,,,,,,,,
M-73073,126,25,R-Example3,f5,6,613,40.091,0.0077475,0.0021028,,,,,,,,
M-73073,126,25,R-Example3,f5,7,1089.1,115.116,0.0079017,0.0021266,0.12,WR305538,6.52E-09,21.58621,52.04348,0.003756,0.00039,0.00211
M-73074,127,26,R-Example3,b9,1,125.4,40.167,0.0077479,0.0021032,,,,,,,,
M-73074,127,26,R-Example3,b9,2,165.1,40.298,0.0077478,0.002103,,,,,,,,
M-73074,127,26,R-Example3,b9,3,463.8,40.14,0.0077482,0.0021032,,,,,,,,
M-73074,127,26,R-Example3,b9,4,512.9,40.206,0.0077481,0.0021031,,,,,,,,
M-73074,127,26,R-Example3,b9,5,562.8,40.263,0.0077483,0.0021031,,,,,,,,
M-73074,127,26,R-Example3,b9,6,612.2,40.289,0.0077475,0.0021028,,,,,,,,
M-73074,127,26,R-Example3,b9,7,1090.1,116.861,0.007835,0.002114,0.08,WR305562,1.72E-08,12.67528,45.89382,0.003723,0.000389,0.002097
M-73075,128,USGS32,Cal,k6,1,125.4,40.196,0.007748,0.002103,,,,,,,,
M-73075,128,USGS32,Cal,k6,2,165.1,40.397,0.0077478,0.002103,,,,,,,,
M-73075,128,USGS32,Cal,k6,3,463.8,40.184,0.0077487,0.002103,,,,,,,,
M-73075,128,USGS32,Cal,k6,4,513.5,40.145,0.0077482,0.0021031,,,,,,,,
M-73075,128,USGS32,Cal,k6,5,561.2,40.46,0.0077482,0.0021031,,,,,,,,
M-73075,128,USGS32,Cal,k6,6,613,40.187,0.0077475,0.0021028,,,,,,,,
M-73075,128,USGS32,Cal,k6,7,1088.9,119.638,0.0090396,0.0021602,1,,2.57E-08,175.9705,66.27093,0.004323,0.000393,0.002138
M-73076,129,USGS35,Cal,j10,1,125.4,40.02,0.007748,0.0021029,,,,,,,,
M-73076,129,USGS35,Cal,j10,2,165.1,40.115,0.0077478,0.0021029,,,,,,,,
M-73076,129,USGS35,Cal,j10,3,463.8,39.968,0.0077486,0.002103,,,,,,,,
M-73076,129,USGS35,Cal,j10,4,513.5,40.191,0.0077481,0.002103,,,,,,,,
M-73076,129,USGS35,Cal,j10,5,562.6,40.084,0.0077477,0.002103,,,,,,,,
M-73076,129,USGS35,Cal,j10,6,613,40.004,0.0077475,0.0021028,,,,,,,,
M-73076,129,USGS35,Cal,j10,7,1089.7,110.438,0.0077864,0.0022182,1,,1.92E-08,4.723947,97.94083,0.003694,0.000399,0.002202
M-73077,130,USGS34,Cal,h6,1,123.9,39.883,0.0077479,0.0021028,,,,,,,,
M-73077,130,USGS34,Cal,h6,2,165.3,40.24,0.0077478,0.0021027,,,,,,,,
M-73077,130,USGS34,Cal,h6,3,463.8,40.237,0.0077487,0.0021029,,,,,,,,
M-73077,130,USGS34,Cal,h6,4,513.5,39.924,0.0077478,0.0021029,,,,,,,,
M-73077,130,USGS34,Cal,h6,5,563,39.975,0.0077475,0.0021029,,,,,,,,
M-73077,130,USGS34,Cal,h6,6,613,39.92,0.0077475,0.0021028,,,,,,,,
M-73077,130,USGS34,Cal,h6,7,1089.9,123.885,0.0077277,0.0020476,1,,2.29E-09,-1.05311,13.01634,0.003673,0.000382,0.002031
M-73078,131,Acros 1ml,HS-Drift,m1,1,125.4,39.875,0.0077479,0.0021029,,,,,,,,
M-73078,131,Acros 1ml,HS-Drift,m1,2,165.1,40.014,0.0077478,0.0021027,,,,,,,,
M-73078,131,Acros 1ml,HS-Drift,m1,3,463.8,39.937,0.0077484,0.002103,,,,,,,,
M-73078,131,Acros 1ml,HS-Drift,m1,4,513.5,39.831,0.007748,0.0021029,,,,,,,,
M-73078,131,Acros 1ml,HS-Drift,m1,5,563.3,39.969,0.0077473,0.0021029,,,,,,,,
M-73078,131,Acros 1ml,HS-Drift,m1,6,613,39.899,0.0077475,0.0021028,,,,,,,,
M-73078,131,Acros 1ml,HS-Drift,m1,7,1091,180.586,0.0078565,0.0021563,1,,7.90E-09,15.0528,66.94275,0.003732,0.000393,0.002139
M-73079,132,27,R-Example3,k7,1,125.4,39.827,0.007748,0.002103,,,,,,,,
M-73079,132,27,R-Example3,k7,2,165.3,40.027,0.0077477,0.0021029,,,,,,,,
M-73079,132,27,R-Example3,k7,3,460.8,39.821,0.0077488,0.0021033,,,,,,,,
M-73079,132,27,R-Example3,k7,4,513.5,39.735,0.007748,0.002103,,,,,,,,
M-73079,132,27,R-Example3,k7,5,563.3,39.868,0.0077483,0.0021031,,,,,,,,
M-73079,132,27,R-Example3,k7,6,613,39.755,0.0077475,0.0021028,,,,,,,,
M-73079,132,27,R-Example3,k7,7,1089.3,117.491,0.0078865,0.0021214,0.08,WR305563,1.96E-07,19.58814,49.388,0.003749,0.000389,0.002104
M-73080,133,28,R-Example3,i9,1,125.4,39.52,0.0077479,0.0021032,,,,,,,,
M-73080,133,28,R-Example3,i9,2,165.1,39.674,0.0077471,0.002103,,,,,,,,
M-73080,133,28,R-Example3,i9,3,463.8,39.602,0.007748,0.0021031,,,,,,,,
M-73080,133,28,R-Example3,i9,4,513.3,39.618,0.0077473,0.0021029,,,,,,,,
M-73080,133,28,R-Example3,i9,5,563.3,39.725,0.0077476,0.002103,,,,,,,,
M-73080,133,28,R-Example3,i9,6,613,39.69,0.0077475,0.0021028,,,,,,,,
M-73080,133,28,R-Example3,i9,7,1090.1,125.925,0.0078462,0.002112,0.06,WR305564,9.85E-09,14.22499,44.8774,0.003729,0.000389,0.002095
M-73081,134,28 rep,R-Example3,h8,1,125.4,39.53,0.0077484,0.0021031,,,,,,,,
M-73081,134,28 rep,R-Example3,h8,2,165.1,39.571,0.0077479,0.0021027,,,,,,,,
M-73081,134,28 rep,R-Example3,h8,3,463.8,39.427,0.0077477,0.0021032,,,,,,,,
M-73081,134,28 rep,R-Example3,h8,4,513.5,39.425,0.0077475,0.0021028,,,,,,,,
M-73081,134,28 rep,R-Example3,h8,5,563.3,39.588,0.0077476,0.0021028,,,,,,,,
M-73081,134,28 rep,R-Example3,h8,6,613,39.406,0.0077475,0.0021028,,,,,,,,
M-73081,134,28 rep,R-Example3,h8,7,1089.9,123.359,0.0078461,0.0021122,0.06,WR305564,7.22E-11,14.20865,44.98219,0.003729,0.000389,0.002095
M-73082,135,29,R-Example3,j1,1,125.4,39.478,0.0077482,0.002103,,,,,,,,
M-73082,135,29,R-Example3,j1,2,165.1,39.597,0.0077478,0.002103,,,,,,,,
M-73082,135,29,R-Example3,j1,3,463.8,39.638,0.0077487,0.002103,,,,,,,,
M-73082,135,29,R-Example3,j1,4,512.9,39.731,0.0077482,0.002103,,,,,,,,
M-73082,135,29,R-Example3,j1,5,553,39.791,0.0077476,0.0021028,,,,,,,,
M-73082,135,29,R-Example3,j1,6,612.8,39.601,0.0077475,0.0021028,,,,,,,,
M-73082,135,29,R-Example3,j1,7,1088.9,112.136,0.0078438,0.0021075,0.18,WR305588,6.86E-09,13.957,42.64037,0.003728,0.000388,0.002091
M-73083,136,30,R-Example3,d10,1,125.4,39.73,0.0077482,0.0021028,,,,,,,,
M-73083,136,30,R-Example3,d10,2,165.3,40.079,0.0077479,0.0021028,,,,,,,,
M-73083,136,30,R-Example3,d10,3,463.8,40.093,0.007749,0.002103,,,,,,,,
M-73083,136,30,R-Example3,d10,4,513.5,39.855,0.0077479,0.0021028,,,,,,,,
M-73083,136,30,R-Example3,d10,5,563,39.99,0.007748,0.002103,,,,,,,,
M-73083,136,30,R-Example3,d10,6,613,39.811,0.0077475,0.0021028,,,,,,,,
M-73083,136,30,R-Example3,d10,7,1089.3,128.801,0.0078371,0.0020988,0.06,WR305589,1.18E-09,13.15881,38.31961,0.003725,0.000387,0.002082
M-73084,137,30 rep,R-Example3,n6,1,125.4,39.717,0.0077479,0.002103,,,,,,,,
M-73084,137,30 rep,R-Example3,n6,2,165.3,39.906,0.0077474,0.0021029,,,,,,,,
M-73084,137,30 rep,R-Example3,n6,3,463.4,39.737,0.007749,0.0021031,,,,,,,,
M-73084,137,30 rep,R-Example3,n6,4,513.5,39.713,0.0077481,0.0021031,,,,,,,,
M-73084,137,30 rep,R-Example3,n6,5,563.3,39.694,0.007748,0.0021028,,,,,,,,
M-73084,137,30 rep,R-Example3,n6,6,613,39.56,0.0077475,0.0021028,,,,,,,,
M-73084,137,30 rep,R-Example3,n6,7,1090.4,119.521,0.0078371,0.0020989,0.06,WR305589,2.88E-09,13.15753,38.36862,0.003725,0.000387,0.002082
M-73085,138,NewAcr,Check,q5,1,125.4,39.497,0.007748,0.0021029,,,,,,,,
M-73085,138,NewAcr,Check,q5,2,165.1,39.686,0.0077478,0.0021029,,,,,,,,
M-73085,138,NewAcr,Check,q5,3,463.8,39.498,0.0077487,0.0021031,,,,,,,,
M-73085,138,NewAcr,Check,q5,4,513.3,39.506,0.007748,0.0021031,,,,,,,,
M-73085,138,NewAcr,Check,q5,5,563.3,39.518,0.0077482,0.002103,,,,,,,,
M-73085,138,NewAcr,Check,q5,6,613,39.374,0.0077475,0.0021028,,,,,,,,
M-73085,138,NewAcr,Check,q5,7,1089.1,97.716,0.0081742,0.0021659,0.02,,4.87E-08,58.15383,71.04249,0.00389,0.000394,0.002148
M-73086,139,Fisher,Check,o2,1,125.4,39.237,0.0077484,0.0021033,,,,,,,,
M-73086,139,Fisher,Check,o2,2,165.3,39.447,0.0077486,0.0021033,,,,,,,,
M-73086,139,Fisher,Check,o2,3,464,39.27,0.0077493,0.0021035,,,,,,,,
M-73086,139,Fisher,Check,o2,4,512.9,39.263,0.0077487,0.0021033,,,,,,,,
M-73086,139,Fisher,Check,o2,5,563.3,39.396,0.0077481,0.0021033,,,,,,,,
M-73086,139,Fisher,Check,o2,6,613.2,39.309,0.0077475,0.0021028,,,,,,,,
M-73086,139,Fisher,Check,o2,7,1089.3,133.239,0.0077192,0.0021499,1,,4.19E-07,-3.53929,63.82688,0.003663,0.000392,0.002133
M-73087,140,31,R-Example3,a3,1,125.4,39.375,0.0077489,0.0021033,,,,,,,,
M-73087,140,31,R-Example3,a3,2,165.3,39.47,0.007748,0.002103,,,,,,,,
M-73087,140,31,R-Example3,a3,3,463.8,39.497,0.0077486,0.0021033,,,,,,,,
M-73087,140,31,R-Example3,a3,4,513.5,39.471,0.007748,0.0021032,,,,,,,,
M-73087,140,31,R-Example3,a3,5,563.3,39.602,0.007748,0.0021031,,,,,,,,
M-73087,140,31,R-Example3,a3,6,613,39.424,0.0077475,0.0021028,,,,,,,,
M-73087,140,31,R-Example3,a3,7,1089.5,112.636,0.0078358,0.0021147,0.09,WR305590,3.43E-10,12.7748,46.24955,0.003723,0.000389,0.002098
M-73088,141,32,R-Example3,n10,1,124.8,39.49,0.0077479,0.002103,,,,,,,,
M-73088,141,32,R-Example3,n10,2,165.1,39.655,0.0077479,0.0021027,,,,,,,,
M-73088,141,32,R-Example3,n10,3,463.8,39.472,0.0077482,0.0021031,,,,,,,,
M-73088,141,32,R-Example3,n10,4,513.5,39.617,0.0077489,0.002103,,,,,,,,
M-73088,141,32,R-Example3,n10,5,563.3,39.502,0.0077478,0.0021028,,,,,,,,
M-73088,141,32,R-Example3,n10,6,613,39.432,0.0077475,0.0021028,,,,,,,,
M-73088,141,32,R-Example3,n10,7,1089.3,120.713,0.007878,0.0021205,0.12,WR305591,1.87E-07,18.44326,48.96153,0.003744,0.000389,0.002103
M-73089,142,33,R-Example3,k5,1,125.4,39.589,0.0077487,0.002103,,,,,,,,
M-73089,142,33,R-Example3,k5,2,165.3,39.746,0.0077479,0.0021029,,,,,,,,
M-73089,142,33,R-Example3,k5,3,463.8,39.678,0.0077484,0.0021031,,,,,,,,
M-73089,142,33,R-Example3,k5,4,513.5,39.584,0.0077482,0.0021029,,,,,,,,
M-73089,142,33,R-Example3,k5,5,563.3,39.672,0.0077484,0.002103,,,,,,,,
M-73089,142,33,R-Example3,k5,6,612.2,39.547,0.0077475,0.0021028,,,,,,,,
M-73089,142,33,R-Example3,k5,7,1088.5,181.504,0.0078774,0.0021311,0.02,WR305611,1.35E-07,18.22346,54.27322,0.003743,0.00039,0.002114
M-73090,143,35,R-Example3,d3,1,125.4,39.293,0.0077474,0.002103,,,,,,,,
M-73090,143,35,R-Example3,d3,2,165.1,39.641,0.0077473,0.0021027,,,,,,,,
M-73090,143,35,R-Example3,d3,3,463.8,39.445,0.0077486,0.0021033,,,,,,,,
M-73090,143,35,R-Example3,d3,4,513.5,39.454,0.0077482,0.0021031,,,,,,,,
M-73090,143,35,R-Example3,d3,5,562.8,39.532,0.0077479,0.0021028,,,,,,,,
M-73090,143,35,R-Example3,d3,6,613,39.447,0.0077475,0.0021028,,,,,,,,
M-73090,143,35,R-Example3,d3,7,1089.7,113.267,0.0078462,0.0020994,2,WR305629,3.76E-09,14.38909,38.59879,0.003729,0.000387,0.002083
M-73091,144,36,R-Example3,i7,1,123.7,39.25,0.007748,0.0021029,,,,,,,,
M-73091,144,36,R-Example3,i7,2,165.1,39.404,0.0077472,0.0021025,,,,,,,,
M-73091,144,36,R-Example3,i7,3,458.3,39.267,0.0077479,0.0021029,,,,,,,,
M-73091,144,36,R-Example3,i7,4,513.3,39.227,0.007748,0.0021028,,,,,,,,
M-73091,144,36,R-Example3,i7,5,562.2,39.451,0.007748,0.0021029,,,,,,,,
M-73091,144,36,R-Example3,i7,6,613,39.267,0.0077475,0.0021028,,,,,,,,
M-73091,144,36,R-Example3,i7,7,1089.1,107.211,0.0079639,0.0021331,0.56,WR305630,7.14E-10,29.96438,55.15786,0.003787,0.000391,0.002116
M-73092,145,37,R-Example3,h3,1,125.4,39.349,0.0077487,0.0021031,,,,,,,,
M-73092,145,37,R-Example3,h3,2,165.3,39.483,0.0077484,0.0021029,,,,,,,,
M-73092,145,37,R-Example3,h3,3,463.8,39.363,0.0077482,0.002103,,,,,,,,
M-73092,145,37,R-Example3,h3,4,513.5,39.396,0.0077482,0.0021029,,,,,,,,
M-73092,145,37,R-Example3,h3,5,563.3,39.458,0.0077479,0.002103,,,,,,,,
M-73092,145,37,R-Example3,h3,6,612.6,39.395,0.0077475,0.0021028,,,,,,,,
M-73092,145,37,R-Example3,h3,7,1089.9,109.498,0.0078518,0.0021209,0.16,WR305631,1.92E-07,14.87356,49.21233,0.003731,0.000389,0.002104
M-73093,146,N3 70uM,Lin,a5,1,125.4,39.458,0.0077477,0.0021031,,,,,,,,
M-73093,146,N3 70uM,Lin,a5,2,165.3,39.566,0.007747,0.0021029,,,,,,,,
M-73093,146,N3 70uM,Lin,a5,3,463.8,39.525,0.0077487,0.0021032,,,,,,,,
M-73093,146,N3 70uM,Lin,a5,4,511.8,39.548,0.0077477,0.002103,,,,,,,,
M-73093,146,N3 70uM,Lin,a5,5,563,39.612,0.0077478,0.002103,,,,,,,,
M-73093,146,N3 70uM,Lin,a5,6,613,39.376,0.0077475,0.0021028,,,,,,,,
M-73093,146,N3 70uM,Lin,a5,7,1089.5,239.293,0.0077878,0.0021589,1,,1.58E-07,5.674492,68.30498,0.003697,0.000393,0.002142
M-73094,147,N3 50uM,Lin,p6,1,125.4,39.326,0.0077472,0.0021027,,,,,,,,
M-73094,147,N3 50uM,Lin,p6,2,165.1,39.455,0.0077471,0.0021026,,,,,,,,
M-73094,147,N3 50uM,Lin,p6,3,463.8,39.235,0.0077483,0.0021029,,,,,,,,
M-73094,147,N3 50uM,Lin,p6,4,513.5,39.323,0.0077482,0.0021029,,,,,,,,
M-73094,147,N3 50uM,Lin,p6,5,563.3,39.334,0.0077478,0.0021028,,,,,,,,
M-73094,147,N3 50uM,Lin,p6,6,613,39.181,0.0077475,0.0021028,,,,,,,,
M-73094,147,N3 50uM,Lin,p6,7,1089.9,98.646,0.0077846,0.0021549,1,,2.28E-08,5.288903,66.38458,0.003696,0.000393,0.002138
M-73095,148,N3 35uM,Lin,k4,1,125.4,39.158,0.0077482,0.0021029,,,,,,,,
M-73095,148,N3 35uM,Lin,k4,2,163.2,39.333,0.0077479,0.0021029,,,,,,,,
M-73095,148,N3 35uM,Lin,k4,3,463.8,39.29,0.0077487,0.0021032,,,,,,,,
M-73095,148,N3 35uM,Lin,k4,4,510.8,39.176,0.007748,0.002103,,,,,,,,
M-73095,148,N3 35uM,Lin,k4,5,563.3,39.229,0.0077478,0.0021029,,,,,,,,
M-73095,148,N3 35uM,Lin,k4,6,613,39.093,0.0077475,0.0021028,,,,,,,,
M-73095,148,N3 35uM,Lin,k4,7,1089.7,123.66,0.0077856,0.0021553,1,,1.45E-08,5.419694,66.58607,0.003696,0.000393,0.002139
M-73096,149,N3 25uM,Lin,d5,1,125.4,38.996,0.0077466,0.0021023,,,,,,,,
M-73096,149,N3 25uM,Lin,d5,2,165.1,39.26,0.0077462,0.0021023,,,,,,,,
M-73096,149,N3 25uM,Lin,d5,3,463.8,39.015,0.0077478,0.0021029,,,,,,,,
M-73096,149,N3 25uM,Lin,d5,4,513.3,39.018,0.0077474,0.0021027,,,,,,,,
M-73096,149,N3 25uM,Lin,d5,5,563.3,39.041,0.0077468,0.0021025,,,,,,,,
M-73096,149,N3 25uM,Lin,d5,6,613,39.049,0.0077475,0.0021028,,,,,,,,
M-73096,149,N3 25uM,Lin,d5,7,1089.9,87.016,0.0077826,0.0021543,1,,2.85E-08,5.024605,66.08665,0.003695,0.000393,0.002138
M-73097,150,N3 10uM,Lin,b8,1,125.4,38.958,0.0077479,0.0021029,,,,,,,,
M-73097,150,N3 10uM,Lin,b8,2,165.1,39.145,0.0077474,0.0021028,,,,,,,,
M-73097,150,N3 10uM,Lin,b8,3,459.6,39.122,0.0077484,0.002103,,,,,,,,
M-73097,150,N3 10uM,Lin,b8,4,513.1,39.072,0.0077481,0.0021029,,,,,,,,
M-73097,150,N3 10uM,Lin,b8,5,563.3,39.083,0.0077475,0.0021028,,,,,,,,
M-73097,150,N3 10uM,Lin,b8,6,609,39.067,0.0077475,0.0021028,,,,,,,,
M-73097,150,N3 10uM,Lin,b8,7,1089.7,33.53,0.0077815,0.0021556,1,,3.97E-09,4.857883,66.74925,0.003694,0.000393,0.002139
M-73098,151,N3 7uM,Lin,i6,1,125.4,38.828,0.0077475,0.0021028,,,,,,,,
M-73098,151,N3 7uM,Lin,i6,2,159,39.085,0.0077476,0.0021028,,,,,,,,
M-73098,151,N3 7uM,Lin,i6,3,463.8,38.836,0.0077486,0.002103,,,,,,,,
M-73098,151,N3 7uM,Lin,i6,4,507,38.9,0.0077483,0.0021029,,,,,,,,
M-73098,151,N3 7uM,Lin,i6,5,560.5,39.03,0.0077483,0.0021029,,,,,,,,
M-73098,151,N3 7uM,Lin,i6,6,613,38.93,0.0077475,0.0021028,,,,,,,,
M-73098,151,N3 7uM,Lin,i6,7,1087.6,23.863,0.0077829,0.0021547,1,,2.54E-08,5.060225,66.28704,0.003695,0.000393,0.002138
M-73099,152,N3 6uM,Lin,a7,1,125.4,38.874,0.007748,0.0021031,,,,,,,,
M-73099,152,N3 6uM,Lin,a7,2,165.1,39.074,0.0077477,0.0021032,,,,,,,,
M-73099,152,N3 6uM,Lin,a7,3,462.1,39.034,0.0077486,0.0021034,,,,,,,,
M-73099,152,N3 6uM,Lin,a7,4,513.5,39.027,0.0077479,0.002103,,,,,,,,
M-73099,152,N3 6uM,Lin,a7,5,563,39.123,0.0077481,0.002103,,,,,,,,
M-73099,152,N3 6uM,Lin,a7,6,613,39.081,0.0077475,0.0021028,,,,,,,,
M-73099,152,N3 6uM,Lin,a7,7,1089.3,20.571,0.0077826,0.0021551,1,,1.90E-08,5.014174,66.49024,0.003695,0.000393,0.002139
M-73100,153,N3 5uM,Lin,m6,1,124.6,39.016,0.007748,0.0021033,,,,,,,,
M-73100,153,N3 5uM,Lin,m6,2,165.1,39.225,0.007748,0.0021032,,,,,,,,
M-73100,153,N3 5uM,Lin,m6,3,463.8,39.25,0.0077487,0.0021033,,,,,,,,
M-73100,153,N3 5uM,Lin,m6,4,513.5,39.224,0.0077478,0.0021031,,,,,,,,
M-73100,153,N3 5uM,Lin,m6,5,563.3,39.281,0.0077482,0.0021031,,,,,,,,
M-73100,153,N3 5uM,Lin,m6,6,613,39.145,0.0077475,0.0021028,,,,,,,,
M-73100,153,N3 5uM,Lin,m6,7,1089.7,17.308,0.0077869,0.0021533,1,,1.23E-08,5.622305,65.58743,0.003697,0.000393,0.002137
M-73101,154,N3 4uM,Lin,l1,1,125.4,39.284,0.0077488,0.002103,,,,,,,,
M-73101,154,N3 4uM,Lin,l1,2,165.1,39.46,0.0077479,0.0021028,,,,,,,,
M-73101,154,N3 4uM,Lin,l1,3,463.8,39.327,0.0077489,0.0021029,,,,,,,,
M-73101,154,N3 4uM,Lin,l1,4,509.8,39.293,0.0077483,0.0021027,,,,,,,,
M-73101,154,N3 4uM,Lin,l1,5,563.3,39.452,0.0077483,0.0021029,,,,,,,,
M-73101,154,N3 4uM,Lin,l1,6,612,39.395,0.0077475,0.0021028,,,,,,,,
M-73101,154,N3 4uM,Lin,l1,7,1088.5,13.745,0.0077843,0.0021532,1,,1.05E-07,5.271055,65.49662,0.003696,0.000393,0.002137
M-73102,155,N3 2uM,Lin,e1,1,125.4,38.957,0.0077479,0.0021028,,,,,,,,
M-73102,155,N3 2uM,Lin,e1,2,165.1,39.253,0.0077475,0.0021028,,,,,,,,
M-73102,155,N3 2uM,Lin,e1,3,463.8,39.06,0.007749,0.0021031,,,,,,,,
M-73102,155,N3 2uM,Lin,e1,4,513.5,39.03,0.0077482,0.002103,,,,,,,,
M-73102,155,N3 2uM,Lin,e1,5,563.3,39.184,0.0077485,0.002103,,,,,,,,
M-73102,155,N3 2uM,Lin,e1,6,612.2,38.974,0.0077475,0.0021028,,,,,,,,
M-73102,155,N3 2uM,Lin,e1,7,1088.3,7.218,0.0077901,0.0021537,1,,8.47E-09,6.052465,65.78223,0.003699,0.000393,0.002137
M-73103,156,Acros 1ml-B1,HS-Drift,m10,1,125.4,38.876,0.0077483,0.0021028,,,,,,,,
M-73103,156,Acros 1ml-B1,HS-Drift,m10,2,165.1,39.129,0.0077487,0.002103,,,,,,,,
M-73103,156,Acros 1ml-B1,HS-Drift,m10,3,463.8,38.896,0.0077485,0.0021033,,,,,,,,
M-73103,156,Acros 1ml-B1,HS-Drift,m10,4,513.3,38.952,0.007748,0.002103,,,,,,,,
M-73103,156,Acros 1ml-B1,HS-Drift,m10,5,563.3,38.938,0.0077482,0.002103,,,,,,,,
M-73103,156,Acros 1ml-B1,HS-Drift,m10,6,611.1,38.817,0.0077475,0.0021028,,,,,,,,
M-73103,156,Acros 1ml-B1,HS-Drift,m10,7,1089.7,169.955,0.0078566,0.002156,1,,5.94E-11,15.07017,66.79689,0.003732,0.000393,0.002139
